<?xml version="1.0" encoding="UTF-8"?>

<FLOW VERSION="3.0" CLEANUP="true">

  <!-- nodes -->

<SEQUENCE EXIT-ON="FAILURE">

  <!-- nodes -->

<INVOKE SERVICE="pub.client:restClient">

  <!-- nodes -->

<MAP MODE="INPUT">

  <!-- nodes -->

<MAPSET OVERWRITE="true" VARIABLES="true" GLOBALVARIABLES="false" FIELD="/basePath;1;0">
  <DATA ENCODING="XMLValues" I18N="true">

<Values version="2.0">
  <value name="xml">/v1</value>
</Values>
</DATA>
</MAPSET>

<MAPSET OVERWRITE="true" VARIABLES="true" GLOBALVARIABLES="false" FIELD="/path;1;0">
  <DATA ENCODING="XMLValues" I18N="true">

<Values version="2.0">
  <value name="xml">/me</value>
</Values>
</DATA>
</MAPSET>

<MAPSET OVERWRITE="true" VARIABLES="true" GLOBALVARIABLES="false" FIELD="/httpMethod;1;0">
  <DATA ENCODING="XMLValues" I18N="true">

<Values version="2.0">
  <value name="xml">GET</value>
</Values>
</DATA>
</MAPSET>

<MAPSET OVERWRITE="false" VARIABLES="true" GLOBALVARIABLES="false" FIELD="/host;1;0">
  <DATA ENCODING="XMLValues" I18N="true">

<Values version="2.0">
  <value name="xml">api.uber.com</value>
</Values>
</DATA>
</MAPSET>

<MAPSET OVERWRITE="false" VARIABLES="true" GLOBALVARIABLES="false" FIELD="/produces;1;0">
  <DATA ENCODING="XMLValues" I18N="true">

<Values version="2.0">
  <value name="xml">application/json</value>
</Values>
</DATA>
</MAPSET>

<MAPSET OVERWRITE="false" VARIABLES="true" GLOBALVARIABLES="false" FIELD="/scheme;1;0">
  <DATA ENCODING="XMLValues" I18N="true">

<Values version="2.0">
  <value name="xml">https</value>
</Values>
</DATA>
</MAPSET>

<MAPSET OVERWRITE="false" VARIABLES="true" GLOBALVARIABLES="false" FIELD="/radName;1;0">
  <DATA ENCODING="XMLValues" I18N="true">

<Values version="2.0">
  <value name="xml">testF:testRAD</value>
</Values>
</DATA>
</MAPSET>
</MAP>

<MAP MODE="OUTPUT">
</MAP>
</INVOKE>

<BRANCH SWITCH="/code">

  <!-- nodes -->

<SEQUENCE NAME="200" EXIT-ON="FAILURE">

  <!-- nodes -->

<MAP MODE="STANDALONE">

  <!-- nodes -->

<MAPCOPY FROM="/response;3;0" TO="/200;2;0/Profile;4;0;testF.testRAD_.docTypes:Profile">
</MAPCOPY>
</MAP>

<INVOKE SERVICE="pub.flow:clearPipeline">

  <!-- nodes -->

<MAP MODE="INPUT">

  <!-- nodes -->

<MAPSET OVERWRITE="true" VARIABLES="true" GLOBALVARIABLES="false" FIELD="/preserve;1;1">
  <DATA ENCODING="XMLValues" I18N="true">

<Values version="2.0">
  <array name="xml" type="value" depth="1">
    <value>code</value>
    <value>phrase</value>
    <value>200</value>
  </array>
</Values>
</DATA>
</MAPSET>
</MAP>
</INVOKE>
</SEQUENCE>

<SEQUENCE NAME="default" EXIT-ON="FAILURE">

  <!-- nodes -->

<MAP MODE="STANDALONE">
</MAP>

<INVOKE SERVICE="pub.flow:clearPipeline">

  <!-- nodes -->

<MAP MODE="INPUT">

  <!-- nodes -->

<MAPSET OVERWRITE="true" VARIABLES="true" GLOBALVARIABLES="false" FIELD="/preserve;1;1">
  <DATA ENCODING="XMLValues" I18N="true">

<Values version="2.0">
  <array name="xml" type="value" depth="1">
    <value>code</value>
    <value>phrase</value>
    <value>default</value>
  </array>
</Values>
</DATA>
</MAPSET>
</MAP>
</INVOKE>
</SEQUENCE>

<SEQUENCE NAME="$default" EXIT-ON="FAILURE">

  <!-- nodes -->

<INVOKE SERVICE="pub.flow:clearPipeline">

  <!-- nodes -->

<MAP MODE="INPUT">

  <!-- nodes -->

<MAPSET OVERWRITE="true" VARIABLES="true" GLOBALVARIABLES="false" FIELD="/preserve;1;1">
  <DATA ENCODING="XMLValues" I18N="true">

<Values version="2.0">
  <array name="xml" type="value" depth="1">
    <value>code</value>
    <value>phrase</value>
  </array>
</Values>
</DATA>
</MAPSET>
</MAP>
</INVOKE>
</SEQUENCE>
</BRANCH>
</SEQUENCE>
</FLOW>
