<?xml version="1.0" encoding="UTF-8"?>

<FLOW VERSION="3.0" CLEANUP="true">
  <COMMENT></COMMENT>

  <!-- nodes -->

<MAP TIMEOUT="" MODE="STANDALONE">
  <COMMENT></COMMENT>
</MAP>

<BRANCH TIMEOUT="">
  <COMMENT></COMMENT>
</BRANCH>

<LOOP TIMEOUT="">
  <COMMENT></COMMENT>
</LOOP>

<RETRY TIMEOUT="" COUNT="" BACK-OFF="" LOOP-ON="FAILURE">
  <COMMENT></COMMENT>
</RETRY>

<SEQUENCE TIMEOUT="" EXIT-ON="FAILURE">
  <COMMENT></COMMENT>
</SEQUENCE>

<EXIT SIGNAL="SUCCESS" FAILURE-MESSAGE="">
  <COMMENT></COMMENT>
</EXIT>
</FLOW>
