<?xml version="1.0" encoding="UTF-8"?>

<FLOW VERSION="3.0" CLEANUP="true">
  <COMMENT></COMMENT>

  <!-- nodes -->

<BRANCH TIMEOUT="" SWITCH="/templateName">
  <COMMENT></COMMENT>

  <!-- nodes -->

<MAP NAME="MFTERROR" TIMEOUT="" MODE="STANDALONE">
  <COMMENT></COMMENT>
  <MAPTARGET>

<Values version="2.0">
  <record name="xml" javaclass="com.wm.util.Values">
    <value name="node_type">record</value>
    <value name="node_subtype">unknown</value>
    <value name="is_public">false</value>
    <value name="field_type">record</value>
    <value name="field_dim">0</value>
    <value name="nillable">true</value>
    <value name="form_qualified">false</value>
    <value name="is_global">false</value>
    <array name="rec_fields" type="record" depth="1">
      <record javaclass="com.wm.util.Values">
        <value name="node_type">record</value>
        <value name="node_subtype">unknown</value>
        <value name="node_comment"></value>
        <record name="node_hints" javaclass="com.wm.util.Values">
          <value name="field_usereditable">true</value>
          <value name="field_largerEditor">false</value>
          <value name="field_password">false</value>
        </record>
        <value name="is_public">false</value>
        <value name="field_name">HTMLTemplate</value>
        <value name="field_type">string</value>
        <value name="field_dim">0</value>
        <array name="field_options" type="value" depth="1">
        </array>
        <value name="nillable">true</value>
        <value name="form_qualified">false</value>
        <value name="is_global">false</value>
      </record>
      <record javaclass="com.wm.util.Values">
        <value name="node_type">record</value>
        <value name="node_subtype">unknown</value>
        <value name="node_comment"></value>
        <record name="node_hints" javaclass="com.wm.util.Values">
          <value name="field_usereditable">true</value>
          <value name="field_largerEditor">false</value>
          <value name="field_password">false</value>
        </record>
        <value name="is_public">false</value>
        <value name="field_name">templateName</value>
        <value name="field_type">string</value>
        <value name="field_dim">0</value>
        <array name="field_options" type="value" depth="1">
        </array>
        <value name="nillable">true</value>
        <value name="form_qualified">false</value>
        <value name="is_global">false</value>
      </record>
    </array>
    <value name="modifiable">true</value>
  </record>
</Values>
</MAPTARGET>
  <MAPSOURCE>

<Values version="2.0">
  <record name="xml" javaclass="com.wm.util.Values">
    <value name="node_type">record</value>
    <value name="node_subtype">unknown</value>
    <value name="is_public">false</value>
    <value name="field_type">record</value>
    <value name="field_dim">0</value>
    <value name="nillable">true</value>
    <value name="form_qualified">false</value>
    <value name="is_global">false</value>
    <array name="rec_fields" type="record" depth="1">
      <record javaclass="com.wm.util.Values">
        <value name="node_type">unknown</value>
        <value name="node_subtype">unknown</value>
        <value name="is_public">false</value>
        <value name="field_name">objName</value>
        <value name="field_type">string</value>
        <value name="field_dim">0</value>
        <value name="nillable">true</value>
        <value name="form_qualified">false</value>
        <value name="is_global">false</value>
      </record>
      <record javaclass="com.wm.util.Values">
        <value name="node_type">record</value>
        <value name="node_subtype">unknown</value>
        <value name="node_comment"></value>
        <record name="node_hints" javaclass="com.wm.util.Values">
          <value name="field_usereditable">true</value>
          <value name="field_largerEditor">false</value>
          <value name="field_password">false</value>
        </record>
        <value name="is_public">false</value>
        <value name="field_name">templateName</value>
        <value name="field_type">string</value>
        <value name="field_dim">0</value>
        <array name="field_options" type="value" depth="1">
        </array>
        <value name="nillable">true</value>
        <value name="form_qualified">false</value>
        <value name="is_global">false</value>
      </record>
    </array>
    <value name="modifiable">true</value>
  </record>
</Values>
</MAPSOURCE>

  <!-- nodes -->

<MAPDELETE NAME="Dropper" FIELD="/objName;1;0">
</MAPDELETE>

<MAPSET NAME="Setter" OVERWRITE="true" VARIABLES="true" GLOBALVARIABLES="false" FIELD="/HTMLTemplate;1;0">
  <DATA ENCODING="XMLValues" I18N="true">

<Values version="2.0">
  <value name="xml">&lt;h1 style="color: #5e9ca0;"&gt;Error occurred while processing file!&lt;/h1&gt;
&lt;h2 style="color: #2e6c80;"&gt;For reference:&lt;/h2&gt;
&lt;table class="editorDemoTable" style="height: 150px;"&gt;
&lt;tbody&gt;
&lt;tr style="height: 10px;"&gt;
&lt;td style="height: 10px; width: 271.7px;"&gt;User&lt;/td&gt;
&lt;td style="height: 10px; width: 359.633px;"&gt;%value userName%&lt;/td&gt;
&lt;/tr&gt;
&lt;tr style="height: 10px;"&gt;
&lt;td style="height: 10px; width: 271.7px;"&gt;Filename&lt;/td&gt;
&lt;td style="height: 10px; width: 359.633px;"&gt;%value fileName%&lt;/td&gt;
&lt;/tr&gt;


&lt;tr style="height: 10px;"&gt;
&lt;td style="height: 10px; width: 271.7px;"&gt;File path&lt;/td&gt;
&lt;td style="height: 10px; width: 359.633px;"&gt;%value filePath%&lt;/td&gt;
&lt;/tr&gt;
&lt;tr style="height: 10px;"&gt;
&lt;td style="height: 10px; width: 271.7px;"&gt;Error&lt;/td&gt;
&lt;td style="height: 10px; width: 359.633px;"&gt;&lt;span style="color: red; font-size: 13px;"&gt;%value taskError%&lt;/span&gt;&lt;/td&gt;
&lt;/tr&gt;

  &lt;tr style="height: 10px;"&gt;
&lt;td style="height: 10px; width: 271.7px;"&gt;Action Name&lt;/td&gt;
&lt;td style="height: 10px; width: 359.633px;"&gt;&lt;span style="color: red; font-size: 13px;"&gt;%value actionName%&lt;/span&gt;&lt;/td&gt;
&lt;/tr&gt;
&lt;tr style="height: 10px;"&gt;
&lt;td style="height: 10px; width: 271.7px;"&gt;Transaction-ID&lt;/td&gt;
&lt;td style="height: 10px; width: 359.633px;"&gt;%value transactionid%&lt;/td&gt;
&lt;/tr&gt;

&lt;tr style="height: 10px;"&gt;
&lt;td style="height: 10px; width: 271.7px;"&gt;Task Name&lt;/td&gt;
&lt;td style="height: 10px; width: 359.633px;"&gt;%value taskName%&lt;/td&gt;
&lt;/tr&gt;

&lt;/tbody&gt;
&lt;/table&gt;
&lt;h2 style="color: #2e6c80;"&gt;Additional technical information:&lt;/h2&gt;
&lt;h2 style="color: #2e6c80;"&gt;********************************&lt;/h2&gt;
&lt;p&gt;%value errorTrace%&lt;/p&gt;
&lt;p&gt;&lt;strong&gt;&amp;nbsp;&lt;/strong&gt;&lt;/p&gt;
&lt;p&gt;Email created at: %value time%&lt;/p&gt;</value>
  <record name="type" javaclass="com.wm.util.Values">
    <value name="node_type">record</value>
    <value name="node_subtype">unknown</value>
    <value name="node_comment"></value>
    <record name="node_hints" javaclass="com.wm.util.Values">
      <value name="field_usereditable">true</value>
      <value name="field_largerEditor">false</value>
      <value name="field_password">false</value>
    </record>
    <value name="is_public">false</value>
    <value name="field_name">HTMLTemplate</value>
    <value name="field_type">string</value>
    <value name="field_dim">0</value>
    <array name="field_options" type="value" depth="1">
    </array>
    <value name="nillable">true</value>
    <value name="form_qualified">false</value>
    <value name="is_global">false</value>
  </record>
</Values>
</DATA>
</MAPSET>
</MAP>

<MAP NAME="$default" TIMEOUT="" MODE="STANDALONE">
  <COMMENT></COMMENT>
</MAP>
</BRANCH>
</FLOW>
