<?xml version="1.0" encoding="UTF-8"?>

<FLOW VERSION="3.0" CLEANUP="true">
  <COMMENT></COMMENT>

  <!-- nodes -->

<MAP TIMEOUT="" MODE="STANDALONE">
  <COMMENT>Used by error Handler Service</COMMENT>
  <MAPTARGET>

<Values version="2.0">
  <record name="xml" javaclass="com.wm.util.Values">
    <value name="node_type">record</value>
    <value name="node_subtype">unknown</value>
    <value name="is_public">false</value>
    <value name="field_type">record</value>
    <value name="field_dim">0</value>
    <value name="nillable">true</value>
    <value name="form_qualified">false</value>
    <value name="is_global">false</value>
    <array name="rec_fields" type="record" depth="1">
      <record javaclass="com.wm.util.Values">
        <value name="node_type">record</value>
        <value name="node_subtype">unknown</value>
        <value name="is_public">false</value>
        <value name="field_name">HTMLTemplate</value>
        <value name="field_type">string</value>
        <value name="field_dim">0</value>
        <value name="nillable">true</value>
        <value name="form_qualified">false</value>
        <value name="is_global">false</value>
      </record>
    </array>
    <value name="modifiable">true</value>
  </record>
</Values>
</MAPTARGET>
  <MAPSOURCE>

<Values version="2.0">
  <record name="xml" javaclass="com.wm.util.Values">
    <value name="node_type">record</value>
    <value name="node_subtype">unknown</value>
    <value name="is_public">false</value>
    <value name="field_type">record</value>
    <value name="field_dim">0</value>
    <value name="nillable">true</value>
    <value name="form_qualified">false</value>
    <value name="is_global">false</value>
    <array name="rec_fields" type="record" depth="1">
    </array>
    <value name="modifiable">true</value>
  </record>
</Values>
</MAPSOURCE>

  <!-- nodes -->

<MAPSET NAME="Setter" OVERWRITE="true" VARIABLES="true" GLOBALVARIABLES="false" FIELD="/HTMLTemplate;1;0">
  <DATA ENCODING="XMLValues" I18N="true">

<Values version="2.0">
  <value name="xml">&lt;html&gt;
&lt;body&gt;
&lt;p&gt;&lt;b&gt;An unexpected exception occured in &lt;i&gt;%value environment%&lt;/i&gt; webMethods Integration Server. &lt;/b&gt;&lt;/p&gt;
&lt;table cellspacing="1" cellpadding="2" border="0"&gt;
&lt;tr align="left" width="1"&gt;
    	&lt;td valign="top" nowrap&gt;&lt;b&gt;Calling Service &lt;/b&gt;&lt;/td&gt;
	&lt;td valign="top"&gt;:&lt;/td&gt;
	&lt;td valign="top"&gt;%value serviceName%&lt;/td&gt;
&lt;/tr&gt;
&lt;tr&gt;
    	&lt;td valign="top" nowrap&gt;&lt;b&gt;Failed Service &lt;/b&gt;&lt;/td&gt;
	&lt;td valign="top"&gt;:&lt;/td&gt;
	&lt;td valign="top"&gt;%value service%&lt;/td&gt;
&lt;/tr&gt;
&lt;tr&gt;
    	&lt;td valign="top" nowrap&gt;&lt;STRONG&gt;Error&lt;/STRONG&gt;  &lt;/td&gt;
	&lt;td valign="top"&gt;:&lt;/td&gt;
	&lt;td valign="top"&gt;%value error%&lt;/td&gt;
&lt;/tr&gt;
&lt;tr&gt;
	&lt;td valign="top" nowrap&gt;&lt;STRONG&gt;Error Type&lt;/STRONG&gt;   &lt;/td&gt;
	&lt;td valign="top"&gt;:&lt;/td&gt;
	&lt;td valign="top"&gt;%value errorType%&lt;/td&gt;
&lt;/tr&gt;
&lt;tr&gt;
	&lt;td valign="top" nowrap&gt;&lt;STRONG&gt;Error Dump&lt;/STRONG&gt;   &lt;/td&gt;
	&lt;td valign="top"&gt;:&lt;/td&gt;
	&lt;td valign="top"&gt;%value errorDump%&lt;/td&gt;
&lt;/tr&gt;
&lt;tr&gt;
	&lt;td valign="top" nowrap&gt;&lt;STRONG&gt;User&lt;/STRONG&gt;&lt;/td&gt;
	&lt;td valign="top"&gt;:&lt;/td&gt;
	&lt;td valign="top"&gt;%value user%&lt;/td&gt;
&lt;/tr&gt;
&lt;tr&gt;
	&lt;td valign="top" nowrap&gt;&lt;STRONG&gt;Time &lt;/STRONG&gt;&lt;/td&gt;
	&lt;td valign="top"&gt;:&lt;/td&gt;
	&lt;td valign="top"&gt;%value time%&lt;/td&gt;
&lt;/tr&gt;
&lt;tr&gt;
	&lt;td valign="top" nowrap&gt;&lt;STRONG&gt;Localized Error&lt;/STRONG&gt;&lt;/td&gt;
	&lt;td valign="top"&gt;:&lt;/td&gt;
	&lt;td valign="top"&gt;%value localizedError%&lt;/td&gt;
&lt;/tr&gt;
&lt;tr&gt;
	&lt;td valign="top" nowrap&gt;&lt;STRONG&gt;Thread ID&lt;/STRONG&gt;&lt;/td&gt;
	&lt;td valign="top"&gt;:&lt;/td&gt;
	&lt;td valign="top"&gt;%value threadID%&lt;/td&gt;
&lt;/tr&gt;
&lt;tr&gt;
	&lt;td valign="top" nowrap&gt;&lt;STRONG&gt;Session ID&lt;/STRONG&gt;&lt;/td&gt;
	&lt;td valign="top"&gt;:&lt;/td&gt;
	&lt;td valign="top"&gt;%value ssnid%&lt;/td&gt;
&lt;/tr&gt;
&lt;tr&gt;
	&lt;td valign="top" nowrap&gt;&lt;STRONG&gt;Pipeline Data &lt;/STRONG&gt;&lt;/td&gt;
	&lt;td valign="top"&gt;:&lt;/td&gt;
	&lt;td valign="top"&gt;See attachment&lt;/td&gt; 
&lt;/tr&gt;
&lt;tr&gt;
	&lt;td valign="top" nowrap&gt;&lt;STRONG&gt;Nested Exception&lt;/STRONG&gt;&lt;/td&gt;
	&lt;td valign="top"&gt;:&lt;/td&gt;
	&lt;td valign="top"&gt;See attachment&lt;/td&gt; 
&lt;/tr&gt;
&lt;tr&gt;
	&lt;td valign="top" nowrap&gt;&lt;STRONG&gt;Call Stack&lt;/STRONG&gt;&lt;/td&gt;
	&lt;td valign="top"&gt;:&lt;/td&gt;
	&lt;td valign="top"&gt;See attachment&lt;/td&gt; 
&lt;/tr&gt;
&lt;/table&gt;
&lt;/body&gt;
&lt;/html&gt;</value>
  <record name="type" javaclass="com.wm.util.Values">
    <value name="node_type">record</value>
    <value name="node_subtype">unknown</value>
    <value name="is_public">false</value>
    <value name="field_name">HTMLTemplate</value>
    <value name="field_type">string</value>
    <value name="field_dim">0</value>
    <value name="nillable">true</value>
    <value name="form_qualified">false</value>
    <value name="is_global">false</value>
  </record>
</Values>
</DATA>
</MAPSET>
</MAP>
</FLOW>
