<?xml version="1.0" encoding="UTF-8"?>

<FLOW VERSION="3.0" CLEANUP="true">
  <COMMENT></COMMENT>

  <!-- nodes -->

<MAP TIMEOUT="" MODE="STANDALONE">
  <COMMENT></COMMENT>

  <!-- nodes -->

<MAPDELETE FIELD="/d1;2;0/s2;1;0">
</MAPDELETE>

<MAPDELETE FIELD="/dl1;2;1/d2;2;0/s3;1;0">
</MAPDELETE>

<MAPDELETE FIELD="/dl1;2;1/d2;2;0/sl3;1;1">
</MAPDELETE>

<MAPDELETE FIELD="/dl1;2;1/s2;1;0">
</MAPDELETE>

<MAPDELETE FIELD="/ol1;3;1">
</MAPDELETE>

<MAPDELETE FIELD="/01;3;0">
</MAPDELETE>

<MAPDELETE FIELD="/s1;1;0">
</MAPDELETE>

<MAPDELETE FIELD="/sl1;1;1">
</MAPDELETE>
</MAP>
</FLOW>
