<?xml version="1.0" encoding="UTF-8"?>

<FLOW VERSION="3.0" CLEANUP="true">
  <COMMENT>1</COMMENT>

  <!-- nodes -->

<MAP TIMEOUT="" MODE="STANDALONE">
  <COMMENT>1</COMMENT>
</MAP>

<LOOP TIMEOUT="">
  <COMMENT>1</COMMENT>
</LOOP>

<BRANCH TIMEOUT="">
  <COMMENT>1</COMMENT>
</BRANCH>

<INVOKE TIMEOUT="" SERVICE="pub.publish:publish" VALIDATE-IN="$none" VALIDATE-OUT="$none">
  <COMMENT></COMMENT>
</INVOKE>

<SEQUENCE TIMEOUT="" EXIT-ON="FAILURE">
  <COMMENT>2</COMMENT>
</SEQUENCE>

<RETRY TIMEOUT="" COUNT="" BACK-OFF="" LOOP-ON="FAILURE">
  <COMMENT>1</COMMENT>
</RETRY>

<EXIT SIGNAL="SUCCESS" FAILURE-MESSAGE="">
  <COMMENT>1</COMMENT>
</EXIT>

<SEQUENCE TIMEOUT="" EXIT-ON="FAILURE">
  <COMMENT>1</COMMENT>

  <!-- nodes -->

<RETRY TIMEOUT="" COUNT="" BACK-OFF="" LOOP-ON="FAILURE">
  <COMMENT>10</COMMENT>

  <!-- nodes -->

<LOOP TIMEOUT="">
  <COMMENT>20</COMMENT>
</LOOP>

<MAP TIMEOUT="" MODE="STANDALONE">
  <COMMENT>20</COMMENT>
</MAP>

<INVOKE TIMEOUT="" SERVICE="pub.remote:invoke" VALIDATE-IN="$none" VALIDATE-OUT="$none">
  <COMMENT>20</COMMENT>
</INVOKE>

<BRANCH TIMEOUT="">
  <COMMENT>20</COMMENT>

  <!-- nodes -->

<RETRY TIMEOUT="" COUNT="" BACK-OFF="" LOOP-ON="FAILURE">
  <COMMENT>30</COMMENT>

  <!-- nodes -->

<SEQUENCE TIMEOUT="" EXIT-ON="FAILURE">
  <COMMENT>40</COMMENT>
</SEQUENCE>
</RETRY>

<EXIT SIGNAL="SUCCESS" FAILURE-MESSAGE="">
  <COMMENT>30</COMMENT>
</EXIT>
</BRANCH>
</RETRY>
</SEQUENCE>
</FLOW>
