<?xml version="1.0" encoding="UTF-8"?>

<FLOW VERSION="3.0" CLEANUP="true">
  <COMMENT></COMMENT>

  <!-- nodes -->

<MAP TIMEOUT="" MODE="STANDALONE">
  <COMMENT></COMMENT>
  <MAPTARGET>

<Values version="2.0">
  <record name="xml" javaclass="com.wm.util.Values">
    <value name="node_type">record</value>
    <value name="field_type">record</value>
    <value name="field_dim">0</value>
    <value name="field_opt">false</value>
    <array name="rec_fields" type="record" depth="1">
      <record javaclass="com.wm.util.Values">
        <value name="node_type">unknown</value>
        <value name="field_name">CUSTOMER_NAME</value>
        <value name="field_type">string</value>
        <value name="field_dim">0</value>
        <value name="field_opt">false</value>
      </record>
      <record javaclass="com.wm.util.Values">
        <value name="node_type">unknown</value>
        <value name="field_name">ADDRESS_CODE</value>
        <value name="field_type">string</value>
        <value name="field_dim">0</value>
        <value name="field_opt">false</value>
      </record>
      <record javaclass="com.wm.util.Values">
        <value name="node_type">record</value>
        <value name="field_name">EDI_LOCATION_CODE</value>
        <value name="field_type">string</value>
        <value name="field_dim">0</value>
        <value name="field_opt">false</value>
      </record>
    </array>
    <value name="rec_closed">false</value>
  </record>
</Values>
</MAPTARGET>
  <MAPSOURCE>

<Values version="2.0">
  <record name="xml" javaclass="com.wm.util.Values">
    <value name="node_type">record</value>
    <value name="field_type">record</value>
    <value name="field_dim">0</value>
    <value name="field_opt">false</value>
    <array name="rec_fields" type="record" depth="1">
      <record javaclass="com.wm.util.Values">
        <value name="node_type">record</value>
        <value name="field_name">N1</value>
        <value name="field_type">recref</value>
        <value name="field_dim">0</value>
        <value name="field_opt">false</value>
        <value name="rec_closed">false</value>
        <value name="rec_ref">INVSegments:N1</value>
      </record>
    </array>
    <value name="rec_closed">false</value>
  </record>
</Values>
</MAPSOURCE>

  <!-- nodes -->

<MAPDELETE NAME="Dropper" FIELD="/N1;4;0;INVSegments:N1">
</MAPDELETE>

<MAPCOPY NAME="Link" FROM="/N1;4;0;INVSegments:N1/N101;2;0/code;1;0" TO="/ADDRESS_CODE;1;0">
</MAPCOPY>

<MAPCOPY NAME="Link" FROM="/N1;4;0;INVSegments:N1/N102;1;0" TO="/CUSTOMER_NAME;1;0">
</MAPCOPY>

<MAPCOPY NAME="Link" FROM="/N1;4;0;INVSegments:N1/N104;1;0" TO="/EDI_LOCATION_CODE;1;0">
</MAPCOPY>
</MAP>
</FLOW>
