<?xml version="1.0" encoding="UTF-8"?>
<!-- Amazon SQS offers reliable and scalable hosted queues for storing messages -->
<rest-connector displayName="Amazon Simple Queue Service (SQS)"
    group="Amazon" id="com.softwareag.cloudstreams.amazon.sqs_v20121105"
    name="Amazon Simple Queue Service (SQS)" version="2012-11-05"
    xmlns="http://www.softwareag.com/cloudstreams/metadata/handler/model"
    xmlns:tns="http://queue.amazonaws.com/doc/2012-11-05/"
    xmlns:xsi="http://www.w3.org/2001/XMLSchema-instance">
    <description>Amazon Simple Queue Service (SQS) Provider XML</description>
    <connections>
        <connection displayName="Amazon SQS Connection" name="amazonSQSrestconnection"
            type="sagcloud">
            <description>Connection for Amazon Simple Queue Service (SQS)</description>
            <groups>
                <group type="connection" displayName="Connection" name="connection">
                    <fields>
                        <field defaultValue="https://sqs.us-east-1.amazonaws.com/" name="cn.providerUrl"/>
                    </fields>
                </group>
                <group type="protocol" name="protocol" displayName="Protocol">
                    <fields>
                        <field defaultValue="HTTP/1.1" name="pr.protocolVersion" displayName="HTTP Protocol Version"/>
                    </fields>
                </group>
                <group type="aws_v2" name="aws_v2" displayName="AWS Signature Version 2"/>              
            </groups>
            <start/>
            <stop/>
        </connection>
    </connections>
    <services>
        <service displayName="Amazon SQS REST" name="AmazonSQSRestService" xsi:type="RESTServiceType"
            endpoint="${cn.providerUrl}" schemaLocation="sqs.xsd">
            <documentModel nsName="amazonSQS_v20121105.doctypes" packageName="WmAmazonSQSConnector_v20121105"/>
            <resources>
                <!-- Create a Queue -->
                <!--Sample Request
                    http://sqs.us-east-1.amazonaws.com/
                    ?Action=CreateQueue
                    &QueueName=testQueue
                    &Attribute.1.Name=VisibilityTimeout
                    &Attribute.1.Value=40
                    &Version=2011-10-01
                    &SignatureMethod=HmacSHA256
                    &Expires=2011-10-18T22%3A52%3A43PST
                    &AWSAccessKeyId=AKIAIOSFODNN7EXAMPLE
                    &SignatureVersion=2
                    &Signature=Dqlp3Sd6ljTUA9Uf6SGtEExwUQEXAMPLE
                Sample Response
                    <CreateQueueResponse>
                        <CreateQueueResult>
                            <QueueUrl>
                                http://&useast1-query;/123456789012/testQueue
                            </QueueUrl>
                        </CreateQueueResult>
                        <ResponseMetadata>
                            <RequestId>
                                7a62c49f-347e-4fc4-9331-6e8e7a96aa73
                            </RequestId>
                        </ResponseMetadata>
                    </CreateQueueResponse>
                -->
                <resource method="GET" path="/" name="CreateQueue" displayName="CreateQueue">
                    <description>Creates a Queue.</description>
                    <mappings>
                        <map isRequired="true" context="IN" name="ContentMap" displayName="ContentMap">
                            <source type="LITERAL">application/x-www-form-urlencoded</source>
                            <target type="HEADER">Content-Type</target>
                        </map>
                    </mappings>
                    <parameters>
                        <parameter name="Action" isRequired="true" style="QUERYSTRING_PARAM" defaultValue="CreateQueue">
                        <description>Create Queue Action.</description>
                        </parameter>
                        <parameter name="QueueName" isRequired="true" style="QUERYSTRING_PARAM">
                            <description>Name of the queue to be created.</description>
                        </parameter>
                        <parameter name="Attribute" isRequired="false" style="QUERYSTRING_PARAM" dataType="Record" documentRef="amazonSQS_v20121105.doctypes.parameter:docTypeRef_AttributesType">
                            <description>A map of attributes with their corresponding values.</description>
                            <formatter service="wm.cloudstreams.service.util.formatters:paramFormatter" type="paramFormatter">
								<arg name="startIndex" value="1"/>
                            </formatter>
                        </parameter>
                    </parameters>
                    <responses>
                        <response code="200" name="tns:CreateQueueResponse" builderType="application/xml"
                            messageFormatterType="application/octet+idataoref"
                            documentRef="amazonSQS_v20121105.doctypes:docTypeRef_tns_CreateQueueResponseType" />
                          <response code="400,403,404,500,503" name="tns:ErrorResponse" builderType="application/xml"
                            messageFormatterType="application/octet+idataoref"
                            documentRef="amazonSQS_v20121105.doctypes:docTypeRef_tns_ErrorResponseType" />            
                    </responses>
                </resource>
                <!-- List Queues -->
                <!--Sample Request
                        http://sqs.us-east-1.amazonaws.com/
                        ?Action=ListQueues
                        &QueueNamePrefix=t
                        &Version=2009-02-01
                        &SignatureMethod=HmacSHA256
                        &Expires=2009-04-18T22%3A52%3A43PST
                        &AWSAccessKeyId=AKIAIOSFODNN7EXAMPLE
                        &SignatureVersion=2
                        &Signature=Dqlp3Sd6ljTUA9Uf6SGtEExwUQEXAMPLE

                        Sample Response
                        <ListQueuesResponse>
                            <ListQueuesResult>
                                <QueueUrl>
                                    http://sqs.us-east-1.amazonaws.com/123456789012/testQueue
                                </QueueUrl>
                            </ListQueuesResult>
                            <ResponseMetadata>
                                <RequestId>
                                    725275ae-0b9b-4762-b238-436d7c65a1ac
                                </RequestId>
                            </ResponseMetadata>
                        </ListQueuesResponse>
                -->
                <resource auth="aws_v2" displayName="List Queues" method="GET"
                    name="ListQueues" path="/">
                    <description>Returns list of Queues.</description>
                    <mappings>
                        <map name="ContentMap" context="IN" isRequired="true">
                            <source type="LITERAL">application/x-www-form-urlencoded</source>
                            <target type="HEADER">Content-Type</target>
                        </map>
                    </mappings>                    
                    <parameters>
                        <parameter name="Action" isRequired="true" style="QUERYSTRING_PARAM" defaultValue="ListQueues">
                            <description>List Queues Action.</description>
                        </parameter>                        
                        <parameter name="QueueNamePrefix" isRequired="false" style="QUERYSTRING_PARAM">
                            <description>String to use for filtering the list results.</description>
                        </parameter>
                        <parameter name="Version" isRequired="true" style="QUERYSTRING_PARAM" defaultValue="2012-11-05">
                            <description>Amazon SQS version.</description>
                        </parameter>                        
                    </parameters>
                    <responses>
                        <response code="200" name="tns:ListQueuesResponse" builderType="application/xml"
                            messageFormatterType="application/octet+idataoref"
                            documentRef="amazonSQS_v20121105.doctypes:docTypeRef_tns_ListQueuesResponseType" />
                          <response code="400,403,404,500,503" name="tns:ErrorResponse" builderType="application/xml"
                            messageFormatterType="application/octet+idataoref"
                            documentRef="amazonSQS_v20121105.doctypes:docTypeRef_tns_ErrorResponseType" />                        
                    </responses>
                </resource>
                    <!-- Get Queue Url -->
                    <!--Sample Request
                            http://sqs.us-east-1.amazonaws.com/
                            ?Action=GetQueueUrl
                            &QueueName=testQueue
                            &Version=2011-10-01
                            &SignatureMethod=HmacSHA256
                            &Expires=2011-10-24T22%3A52%3A43PST
                            &AWSAccessKeyId=AKIAIOSFODNN7EXAMPLE
                            &SignatureVersion=2
                            &Signature=Dqlp3Sd6ljTUA9Uf6SGtEExwUQEXAMPLE
                        Sample Response
                            <GetQueueUrlResponse>
                                <GetQueueUrlResult>
                                    <QueueUrl>
                                        http://&useast1-query;/123456789012/testQueue
                                    </QueueUrl>
                                </GetQueueUrlResult>
                                <ResponseMetadata>
                                    <RequestId>470a6f13-2ed9-4181-ad8a-2fdea142988e</RequestId>
                                </ResponseMetadata>
                            </GetQueueUrlResponse>
                    -->
                <resource auth="aws_v2" displayName="Get QueueUrl" method="GET"
                    name="GetQueueUrl" path="/">
                    <description>Gets the URL of a Queue.</description>
                    <mappings>
                        <map name="ContentMap" context="IN" isRequired="true">
                            <source type="LITERAL">application/x-www-form-urlencoded</source>
                            <target type="HEADER">Content-Type</target>
                        </map>
                    </mappings>                    
                    <parameters>
                        <parameter name="Action" isRequired="true" style="QUERYSTRING_PARAM" defaultValue="GetQueueUrl">
                            <description>Get QueueUrl Action.</description>
                        </parameter>
                        <parameter name="QueueName" isRequired="true" style="QUERYSTRING_PARAM">
                            <description>Name of the queue for which url is to be returned.</description>
                        </parameter>
                        <parameter name="QueueOwnerAWSAccountId" isRequired="false" style="QUERYSTRING_PARAM">
                            <description>The AWS account ID of the account that created the queue.</description>
                        </parameter>                        
                        <parameter name="Version" isRequired="true" style="QUERYSTRING_PARAM" defaultValue="2012-11-05">
                            <description>Amazon SQS version.</description>
                        </parameter>
                    </parameters>
                    <responses>
                        <response code="200" name="tns:GetQueueUrlResponse" builderType="application/xml"
                            messageFormatterType="application/octet+idataoref"
                            documentRef="amazonSQS_v20121105.doctypes:docTypeRef_tns_GetQueueUrlResponseType" />
                            
                          <response code="400,403,404,500,503" name="tns:ErrorResponse" builderType="application/xml"
                            messageFormatterType="application/octet+idataoref"
                            documentRef="amazonSQS_v20121105.doctypes:docTypeRef_tns_ErrorResponseType" />
                    </responses>
                </resource>
                <!-- Delete Queue-->
                <!--Sample Request
                        http://sqs.us-east-1.amazonaws.com/123456789012/testQueue/
                        ?Action=DeleteQueue
                        &Version=2009-02-01
                        &SignatureMethod=HmacSHA256
                        &Expires=2009-04-18T22%3A52%3A43PST
                        &AWSAccessKeyId=AKIAIOSFODNN7EXAMPLE
                        &SignatureVersion=2
                        &Signature=Dqlp3Sd6ljTUA9Uf6SGtEExwUQEXAMPLE
                    Sample Response
                        <DeleteQueueResponse>
                            <ResponseMetadata>
                                <RequestId>
                                    6fde8d1e-52cd-4581-8cd9-c512f4c64223
                                </RequestId>
                            </ResponseMetadata>
                        </DeleteQueueResponse>
                -->
                <resource auth="aws_v2" displayName="Delete Queue" method="GET"
                    name="DeleteQueue" path="/{AccountNumber}/{QueueName}/">
                    <description>Deletes a Queue.</description>
                    <mappings>
                        <map name="ContentMap" context="IN" isRequired="true">
                            <source type="LITERAL">application/x-www-form-urlencoded</source>
                            <target type="HEADER">Content-Type</target>
                        </map>
                    </mappings>                    
                    <parameters>
                        <parameter name="AccountNumber" isRequired="true" style="URI_CONTEXT">
                            <description>Amazon Account Number.</description>
                        </parameter>
                        <parameter name="QueueName" isRequired="true" style="URI_CONTEXT">
                            <description>Name of the queue to be deleted.</description>
                        </parameter>
                        <parameter name="Action" isRequired="true" style="QUERYSTRING_PARAM" defaultValue="DeleteQueue">
                            <description>Delete Queue Action.</description>
                        </parameter>                        
                        <parameter name="Version" isRequired="true" style="QUERYSTRING_PARAM" defaultValue="2012-11-05">
                            <description>Amazon SQS version.</description>
                        </parameter>
                    </parameters>
                    <responses>
                        <response code="200" name="tns:DeleteQueueResponse" builderType="application/xml"
                            messageFormatterType="application/octet+idataoref"
                            documentRef="amazonSQS_v20121105.doctypes:docTypeRef_tns_DeleteQueueResponseType" />
                          <response code="400,403,404,500,503" name="tns:ErrorResponse" builderType="application/xml"
                            messageFormatterType="application/octet+idataoref"
                            documentRef="amazonSQS_v20121105.doctypes:docTypeRef_tns_ErrorResponseType" />
                    </responses>
                </resource>
                <!-- Get Queue Attributes -->
                <!--Sample Request
                        http://sqs.us-east-1.amazonaws.com/123456789012/testQueue/
                        ?Action=GetQueueAttributes
                        &Action=GetQueueAttributes
                        &Version=2012-11-05
                        &AttributeName.1=VisibilityTimeout
                        &AttributeName.2=DelaySeconds
                        &AttributeName.3=ReceiveMessageWaitTimeSeconds
                        &SignatureMethod=HmacSHA256
                        &Expires=2013-10-18T22%3A52%3A43PST
                        &AWSAccessKeyId=AKIAIOSFODNN7EXAMPLE
                        &SignatureVersion=2
                        &Signature=Dqlp3Sd6ljTUA9Uf6SGtEExwUQEXAMPLE
                    Sample Response
                        <GetQueueAttributesResponse>
                          <GetQueueAttributesResult>
                            <Attribute>
                              <Name>VisibilityTimeout</Name>
                              <Value>30</Value>
                            </Attribute>
                            <Attribute>
                              <Name>DelaySeconds</Name>
                              <Value>0</Value>
                            </Attribute>
                            <Attribute>
                              <Name>ReceiveMessageWaitTimeSeconds</Name>
                              <Value>2</Value>
                            </Attribute>
                        </GetQueueAttributesResponse>
                -->
                <resource auth="aws_v2" displayName="Get Queue Attributes" method="GET"
                    name="GetQueueAttributes" path="/{AccountNumber}/{QueueName}/">
                    <description>Gets the attributes of a Queue.</description>
                    <mappings>
                        <map name="ContentMap" context="IN" isRequired="true">
                            <source type="LITERAL">application/x-www-form-urlencoded</source>
                            <target type="HEADER">Content-Type</target>
                        </map>
                    </mappings>                    
                    <parameters>
                        <parameter name="AccountNumber" isRequired="true" style="URI_CONTEXT">
                            <description>Amazon Account Number.</description>
                        </parameter>
                        <parameter name="QueueName" isRequired="true" style="URI_CONTEXT">
                            <description>Name of the queue for whose attributes have to be returned.</description>
                        </parameter>
                        <parameter name="Action" isRequired="true" style="QUERYSTRING_PARAM" defaultValue="GetQueueAttributes">
                        <description>Get Queue Attributes Action.</description>
                        </parameter>
                        <parameter name="AttributeName" isRequired="true" style="QUERYSTRING_PARAM" dataType="Record" documentRef="amazonSQS_v20121105.doctypes.parameter:docTypeRef_AttributeNamesType">
                            <description>A list of attributes for which to retrieve information.</description>
                             <formatter service="wm.cloudstreams.service.util.formatters:paramFormatter" type="paramFormatter">
								<arg name="startIndex" value="1"/>
                            </formatter>
                        </parameter>
                        <parameter name="Version" isRequired="true" style="QUERYSTRING_PARAM" defaultValue="2012-11-05">
                        <description>Amazon SQS version.</description>
                        </parameter>
                    </parameters>
                    <responses>
                        <response code="200" name="tns:GetQueueAttributesResponse" builderType="application/xml"
                            messageFormatterType="application/octet+idataoref"
                            documentRef="amazonSQS_v20121105.doctypes:docTypeRef_tns_GetQueueAttributesResponseType" />
                          <response code="400,403,404,500,503" name="tns:ErrorResponse" builderType="application/xml"
                            messageFormatterType="application/octet+idataoref"
                            documentRef="amazonSQS_v20121105.doctypes:docTypeRef_tns_ErrorResponseType" />
                    </responses>
                </resource>
                <!--Set Queue Attribute-->
                <!--Sample Request
                        http://sqs.us-east-1.amazonaws.com/123456789012/testQueue/
                        ?Action=SetQueueAttributes
                        &Attribute.Name=VisibilityTimeout
                        &Attribute.Value=35
                        &Version=2009-02-01
                        &SignatureMethod=HmacSHA256
                        &Expires=2009-04-18T22%3A52%3A43PST
                        &AWSAccessKeyId=AKIAIOSFODNN7EXAMPLE
                        &SignatureVersion=2
                        &Signature=Dqlp3Sd6ljTUA9Uf6SGtEExwUQEXAMPLE
                    Sample Response
                        <SetQueueAttributesResponse>
                            <ResponseMetadata>
                                <RequestId>
                                    e5cca473-4fc0-4198-a451-8abb94d02c75
                                </RequestId>
                            </ResponseMetadata>
                        </SetQueueAttributesResponse>
                -->
                <resource auth="aws_v2" displayName="Set Queue Attributes" method="GET"
                    name="SetQueueAttributes" path="/{AccountNumber}/{QueueName}/">
                    <description>Sets the attribute of a Queue</description>
                    <mappings>
                        <map name="ContentMap" context="IN" isRequired="true">
                            <source type="LITERAL">application/x-www-form-urlencoded</source>
                            <target type="HEADER">Content-Type</target>
                        </map>
                    </mappings>                    
                    <parameters>
                        <parameter name="AccountNumber" isRequired="true" style="URI_CONTEXT">
                            <description>Amazon AccountNumber</description>
                        </parameter>
                        <parameter name="QueueName" isRequired="true" style="URI_CONTEXT">
                            <description>Name of the queue whose attribute is to be changed</description>
                        </parameter>
                        <parameter name="Action" isRequired="true" style="QUERYSTRING_PARAM" defaultValue="SetQueueAttributes">
                            <description>Set Queue Attributes Action</description>
                        </parameter>
                         <parameter name="Attribute" isRequired="true" style="QUERYSTRING_PARAM" dataType="Record" documentRef="amazonSQS_v20121105.doctypes.parameter:docTypeRef_AttributesType">
                            <description>A map of attributes to set.</description>
                            <formatter service="wm.cloudstreams.service.util.formatters:paramFormatter" type="paramFormatter">
                                <arg name="startIndex" value="1"/>
                            </formatter>
                        </parameter>
                        <parameter name="Version" isRequired="true" style="QUERYSTRING_PARAM" defaultValue="2012-11-05">
                        <description>Amazon SQS version.</description>
                        </parameter>                        
                    </parameters>
                    <responses>
                        <response code="200" name="tns:SetQueueAttributesResponse" builderType="application/xml"
                            messageFormatterType="application/octet+idataoref"
                            documentRef="amazonSQS_v20121105.doctypes:docTypeRef_tns_SetQueueAttributesResponseType" />
                          <response code="400,403,404,500,503" name="tns:ErrorResponse" builderType="application/xml"
                            messageFormatterType="application/octet+idataoref"
                            documentRef="amazonSQS_v20121105.doctypes:docTypeRef_tns_ErrorResponseType" />
                    </responses>
                </resource>
                <!-- Send Message -->
                <!--Sample Request
                        http://sqs.us-east-1.amazonaws.com/123456789012/testQueue/
                        ?Action=SendMessage
                        &MessageBody=This+is+a+test+message
                        &Version=2009-02-01
                        &SignatureMethod=HmacSHA256
                        &Expires=2009-04-18T22%3A52%3A43PST
                        &AWSAccessKeyId=AKIAIOSFODNN7EXAMPLE
                        &SignatureVersion=2
                        &Signature=Dqlp3Sd6ljTUA9Uf6SGtEExwUQEXAMPLE
                        Sample Response
                    <SendMessageResponse>
                            <SendMessageResult>
                                <MD5OfMessageBody>
                                    fafb00f5732ab283681e124bf8747ed1
                                </MD5OfMessageBody>
                                <MessageId>
                                    5fea7756-0ea4-451a-a703-a558b933e274
                                </MessageId>
                            </SendMessageResult>
                            <ResponseMetadata>
                                <RequestId>
                                    27daac76-34dd-47df-bd01-1f6e873584a0
                                </RequestId>
                            </ResponseMetadata>
                        </SendMessageResponse>
                -->
                <resource auth="aws_v2" displayName="Send Message" method="GET"
                    name="SendMessage" path="/{AccountNumber}/{QueueName}/">
                    <description>Delivers a message to the Queue</description>
                    <mappings>
                        <map name="ContentMap" context="IN" isRequired="true">
                            <source type="LITERAL">application/x-www-form-urlencoded</source>
                            <target type="HEADER">Content-Type</target>
                        </map>
                    </mappings>                    
                    <parameters>
                        <parameter name="AccountNumber" isRequired="true" style="URI_CONTEXT">
                            <description>Amazon Account Number.</description>
                        </parameter>
                        <parameter name="QueueName" isRequired="true" style="URI_CONTEXT">
                            <description>Name of the queue in which message is to be added.</description>
                        </parameter>
                        <parameter name="Action" isRequired="true" style="QUERYSTRING_PARAM" defaultValue="SendMessage">
                            <description>Send Message Action.</description>
                        </parameter>
                        <parameter name="MessageBody" isRequired="true" style="QUERYSTRING_PARAM">
                            <description>The message to send.</description>
                        </parameter>
                        <parameter name="DelaySeconds" isRequired="false" style="QUERYSTRING_PARAM">
                            <description>The number of seconds to delay a specific message.</description>
                        </parameter>    
                        <parameter name="Version" isRequired="true" style="QUERYSTRING_PARAM" defaultValue="2012-11-05">
                            <description>Amazon SQS version.</description>
                        </parameter>
                    </parameters>
                    <responses>
                        <response code="200" name="tns:SendMessageResponse" builderType="application/xml"
                            messageFormatterType="application/octet+idataoref"
                            documentRef="amazonSQS_v20121105.doctypes:docTypeRef_tns_SendMessageResponseType" />

                          <response code="400,403,404,500,503" name="tns:ErrorResponse" builderType="application/xml"
                            messageFormatterType="application/octet+idataoref"
                            documentRef="amazonSQS_v20121105.doctypes:docTypeRef_tns_ErrorResponseType" />                        
                    </responses>
                </resource>
                <!-- Receive Message -->
                <!--Sample Request
                        http://sqs.us-east-1.amazonaws.com/123456789012/testQueue/
                        ?Action=ReceiveMessage
                        &MaxNumberOfMessages=5
                        &VisibilityTimeout=15
                        &AttributeName=All;
                        &Version=2009-02-01
                        &SignatureMethod=HmacSHA256
                        &Expires=2009-04-18T22%3A52%3A43PST
                        &AWSAccessKeyId=AKIAIOSFODNN7EXAMPLE
                        &SignatureVersion=2
                        &Signature=Dqlp3Sd6ljTUA9Uf6SGtEExwUQEXAMPLE
                    Sample Response
                        <ReceiveMessageResponse>
                          <ReceiveMessageResult>
                            <Message>
                              <MessageId>
                                5fea7756-0ea4-451a-a703-a558b933e274
                              </MessageId>
                              <ReceiptHandle>
                                MbZj6wDWli+JvwwJaBV+3dcjk2YW2vA3+STFFljTM8tJJg6HRG6PYSasuWXPJB+Cw
                                Lj1FjgXUv1uSj1gUPAWV66FU/WeR4mq2OKpEGYWbnLmpRCJVAyeMjeU5ZBdtcQ+QE
                                auMZc8ZRv37sIW2iJKq3M9MFx1YvV11A2x/KSbkJ0=
                              </ReceiptHandle>
                              <MD5OfBody>
                                fafb00f5732ab283681e124bf8747ed1
                              </MD5OfBody>
                              <Body>This is a test message</Body>
                              <Attribute>
                                <Name>SenderId</Name>
                                <Value>195004372649</Value>
                              </Attribute>
                              <Attribute>
                                <Name>SentTimestamp</Name>
                                <Value>1238099229000</Value>
                              </Attribute>
                              <Attribute>
                                <Name>ApproximateReceiveCount</Name>
                                <Value>5</Value>
                              </Attribute>
                              <Attribute>
                                <Name>ApproximateFirstReceiveTimestamp</Name>
                                <Value>1250700979248</Value>
                              </Attribute>
                            </Message>
                          </ReceiveMessageResult>
                          <ResponseMetadata>
                            <RequestId>
                              b6633655-283d-45b4-aee4-4e84e0ae6afa
                            </RequestId>
                          </ResponseMetadata>
                        </ReceiveMessageResponse>
                -->
                <resource auth="aws_v2" displayName="Receive Message" method="GET"
                    name="ReceiveMessage" path="/{AccountNumber}/{QueueName}/">
                    <description>Retrieves messages from the Queue.</description>
                    <mappings>
                        <map name="ContentMap" context="IN" isRequired="true">
                            <source type="LITERAL">application/x-www-form-urlencoded</source>
                            <target type="HEADER">Content-Type</target>
                        </map>
                    </mappings>                    
                    <parameters>
                        <parameter name="AccountNumber" isRequired="true" style="URI_CONTEXT">
                            <description>Amazon Account Number.</description>
                        </parameter>
                        <parameter name="QueueName" isRequired="true" style="URI_CONTEXT">
                            <description>Name of the queue from which message is to be retrieved.</description>
                        </parameter>
                        <parameter name="Action" isRequired="true" style="QUERYSTRING_PARAM" defaultValue="ReceiveMessage">
                        <description>Receive Message Action.</description>
                        </parameter>
                        <parameter name="MaxNumberOfMessages" isRequired="false" style="QUERYSTRING_PARAM">
                            <description>Maximum number of messages to return.</description>
                        </parameter>
                         <parameter name="AttributeName" isRequired="false" style="QUERYSTRING_PARAM" dataType="Record" documentRef="amazonSQS_v20121105.doctypes.parameter:docTypeRef_AttributeNamesType">
                         <description>Attributes for Receive message from Queue.</description>
                            <formatter service="wm.cloudstreams.service.util.formatters:paramFormatter" type="paramFormatter">
							<arg name="startIndex" value="1"/>
                            </formatter>
                            
                        </parameter>
                        <parameter name="VisibilityTimeout" isRequired="false" style="QUERYSTRING_PARAM">
						<description>The duration in seconds that the received messages are hidden from subsequent retrieve requests after being retrieved by a ReceiveMessage request.</description>
                        </parameter>
                        <parameter name="WaitTimeSeconds" isRequired="false" style="QUERYSTRING_PARAM">
                            <description>The duration in seconds for which the call waits for a message to arrive in the queue before returning.</description>
                        </parameter>
                        <parameter name="Version" isRequired="true" style="QUERYSTRING_PARAM" defaultValue="2012-11-05">
                            <description>Amazon SQS version.</description>
                        </parameter>
                    </parameters>
                    <responses>
                        <response code="200" name="tns:ReceiveMessageResponse" builderType="application/xml"
                            messageFormatterType="application/octet+idataoref"
                            documentRef="amazonSQS_v20121105.doctypes:docTypeRef_tns_ReceiveMessageResponseType" />
                        <response code="400,403,404,500,503" name="tns:ErrorResponse" builderType="application/xml"
                            messageFormatterType="application/octet+idataoref"
                            documentRef="amazonSQS_v20121105.doctypes:docTypeRef_tns_ErrorResponseType" />
                    </responses>
                </resource>
                <!-- Delete Message -->
                <!--Sample Request
                        http://sqs.us-east-1.amazonaws.com/123456789012/testQueue/
                        ?Action=DeleteMessage
                        &ReceiptHandle=MbZj6wDWli%2BJvwwJaBV%2B3dcjk2YW2vA3%2BSTFFljT
                        M8tJJg6HRG6PYSasuWXPJB%2BCwLj1FjgXUv1uSj1gUPAWV66FU/WeR4mq2OKpEGY
                        WbnLmpRCJVAyeMjeU5ZBdtcQ%2BQEauMZc8ZRv37sIW2iJKq3M9MFx1YvV11A2x/K
                        SbkJ0=
                        &Version=2009-02-01
                        &SignatureMethod=HmacSHA256
                        &Expires=2009-04-18T22%3A52%3A43PST
                        &AWSAccessKeyId=AKIAIOSFODNN7EXAMPLE
                        &SignatureVersion=2
                        &Signature=Dqlp3Sd6ljTUA9Uf6SGtEExwUQEXAMPLE
                    Sample Response
                        <DeleteMessageResponse>
                            <ResponseMetadata>
                                <RequestId>
                                    b5293cb5-d306-4a17-9048-b263635abe42
                                </RequestId>
                            </ResponseMetadata>
                        </DeleteMessageResponse>
                -->
                <resource auth="aws_v2" displayName="Delete Message" method="GET"
                    name="DeleteMessage" path="/{AccountNumber}/{QueueName}/">
                    <description>Deletes the message from the Queue.</description>
                    <mappings>
                        <map name="ContentMap" context="IN" isRequired="true">
                            <source type="LITERAL">application/x-www-form-urlencoded</source>
                            <target type="HEADER">Content-Type</target>
                        </map>
                    </mappings>                    
                    <parameters>
                        <parameter name="AccountNumber" isRequired="true" style="URI_CONTEXT">
                            <description>Amazon Account Number.</description>
                        </parameter>
                        <parameter name="QueueName" isRequired="true" style="URI_CONTEXT">
                            <description>Name of the queue from which message is to be deleted.</description>
                        </parameter>
                        <parameter name="Action" isRequired="true" style="QUERYSTRING_PARAM" defaultValue="DeleteMessage">
                            <description>Delete Message Action.</description>
                        </parameter>
                        
                        <parameter name="Version" isRequired="true" style="QUERYSTRING_PARAM" defaultValue="2012-11-05">
                            <description>Amazon SQS version.</description>
                        </parameter>
                        <parameter name="ReceiptHandle" isRequired="true" style="QUERYSTRING_PARAM">
                            <description>The receipt handle associated with the message you want to delete.</description>
                        </parameter>
                    </parameters>
                    <responses>
                        <response code="200" name="tns:DeleteMessageResponse" builderType="application/xml"
                            messageFormatterType="application/octet+idataoref"
                            documentRef="amazonSQS_v20121105.doctypes:docTypeRef_tns_DeleteMessageResponseType" />
                          <response code="400,403,404,500,503" name="tns:ErrorResponse" builderType="application/xml"
                            messageFormatterType="application/octet+idataoref"
                            documentRef="amazonSQS_v20121105.doctypes:docTypeRef_tns_ErrorResponseType" />
                    </responses>
                </resource>
                
                
                <!-- Change Message Visibility -->
                <!--Sample Request
                        http://sqs.us-east-1.amazonaws.com/123456789012/testQueue/
                        ?Action=ChangeMessageVisibility
                        &VisibilityTimeout=60
                        &ReceiptHandle=MbZj6wDWli%2BJvwwJaBV%2B3dcjk2YW2vA3%2BSTFFljT
                        M8tJJg6HRG6PYSasuWXPJB%2BCwLj1FjgXUv1uSj1gUPAWV66FU/WeR4mq2OKpEGY
                        WbnLmpRCJVAyeMjeU5ZBdtcQ%2BQEauMZc8ZRv37sIW2iJKq3M9MFx1YvV11A2x/K
                        SbkJ0=
                        &Version=2009-02-01
                        &SignatureMethod=HmacSHA256
                        &Expires=2009-04-18T22%3A52%3A43PST
                        &AWSAccessKeyId=AKIAIOSFODNN7EXAMPLE
                        &SignatureVersion=2
                        &Signature=Dqlp3Sd6ljTUA9Uf6SGtEExwUQEXAMPLE
                    Sample Response
                        <ChangeMessageVisibilityResponse>
                            <ResponseMetadata>
                                <RequestId>
                                    6a7a282a-d013-4a59-aba9-335b0fa48bed
                                </RequestId>
                            </ResponseMetadata>
                        </ChangeMessageVisibilityResponse>
                -->
                <resource auth="aws_v2" displayName="Change Message Visibility" method="GET"
                    name="ChangeMessageVisibility" path="/{AccountNumber}/{QueueName}/">
                    <description>Changes the visibility timeout of a specified message in a Queue.</description>
                    <mappings>
                        <map name="ContentMap" context="IN" isRequired="true">
                            <source type="LITERAL">application/x-www-form-urlencoded</source>
                            <target type="HEADER">Content-Type</target>
                        </map>
                    </mappings>                    
                    <parameters>
                        <parameter name="AccountNumber" isRequired="true" style="URI_CONTEXT">
                            <description>Amazon Account Number.</description>
                        </parameter>
                        <parameter name="QueueName" isRequired="true" style="URI_CONTEXT">
                            <description>Name of the queue in which the message is present,whose visibility to changed.</description>
                        </parameter>
                        <parameter name="Action" isRequired="true" style="QUERYSTRING_PARAM" defaultValue="ChangeMessageVisibility">
                            <description>Change Message Visibility Action.</description>
                        </parameter>
                        <parameter name="VisibilityTimeout" isRequired="true" style="QUERYSTRING_PARAM">
                            <description>The new value for the message's visibility timeout in seconds.</description>
                        </parameter>
                        <parameter name="ReceiptHandle" isRequired="true" style="QUERYSTRING_PARAM">
                            <description>The receipt handle associated with the message you want to change visibility.</description>
                        </parameter>
                        <parameter name="Version" isRequired="true" style="QUERYSTRING_PARAM" defaultValue="2012-11-05">
                        <description>Amazon SQS version.</description>
                        </parameter>
                    </parameters>
                    
                    <responses>
                        <response code="200" name="tns:ChangeMessageVisibilityResponse" builderType="application/xml"
                            messageFormatterType="application/octet+idataoref"
                            documentRef="amazonSQS_v20121105.doctypes:docTypeRef_tns_ChangeMessageVisibilityResponseType" />
                          <response code="400,403,404,500,503" name="tns:ErrorResponse" builderType="application/xml"
                            messageFormatterType="application/octet+idataoref"
                            documentRef="amazonSQS_v20121105.doctypes:docTypeRef_tns_ErrorResponseType" />
                    </responses>
                </resource>
                <!-- Change Message Visibility Batch-->
                <!--Sample Request
                        http://sqs.us-east-1.amazonaws.com/123456789012/testQueue/
                        &Action=ChangeMessageVisibilityBatch
                        &Version=2011-10-01
                        &ChangeMessageVisibilityBatchRequestEntry.1.Id=change_visibility_msg_2                &ChangeMessageVisibilityBatchRequestEntry.1.ReceiptHandle=gfk0T0R0waama4fVFffkjKzmhMCymjQvfTFk2LxT33G4ms5subrE0deLKWSscPU1oD3J9zgeS4PQQ3U30qOumIE6AdAv3w%2F%2Fa1IXW6AqaWhGsEPaLm3Vf6IiWqdM8u5imB%2BNTwj3tQRzOWdTOePjOjPcTpRxBtXix%2BEvwJOZUma9wabv%2BSw6ZHjwmNcVDx8dZXJhVp16Bksiox%2FGrUvrVTCJRTWTLc59oHLLF8sEkKzRmGNzTDGTiV%2BYjHfQj60FD3rVaXmzTsoNxRhKJ72uIHVMGVQiAGgBX6HGv9LDmYhPXw4hy%2FNgIg%3D%3D
                        &ChangeMessageVisibilityBatchRequestEntry.1.VisibilityTimeout=45
                        &ChangeMessageVisibilityBatchRequestEntry.2.Id=change_visibility_msg_3                &ChangeMessageVisibilityBatchRequestEntry.2.ReceiptHandle=gfk0T0R0waama4fVFffkjKzmhMCymjQvfTFk2LxT33FUgBz3%2BnougdeLKWSscPU1%2FXgx%2BxcNnjnQQ3U30qOumIE6AdAv3w%2F%2Fa1IXW6AqaWhGsEPaLm3Vf6IiWqdM8u5imB%2BNTwj3tQRzOWdTOePjOsogjZM%2F7kzn4Ew27XLU9I%2FYaWYmKvDbq%2Fk3HKVB9HfB43kE49atP2aWrzNL4yunG41Q4cfRRtfJdcGQGNHQ2%2Byd0Usf5qR1dZr1iDo5xk946eQat83AxTRP%2BY4Qi0V7FAeSLH9su9xpX6HGv9LDmYhPXw4hy%2FNgIg%3D%3D
                        &ChangeMessageVisibilityBatchRequestEntry.2.VisibilityTimeout=45
                        &SignatureMethod=HmacSHA256
                        &Expires=2011-10-18T22%3A52%3A43PST
                        &AWSAccessKeyId=AKIAIOSFODNN7EXAMPLE
                        &SignatureVersion=2
                        &Signature=Dqlp3Sd6ljTUA9Uf6SGtEExwUQEXAMPLE
                    Sample Response
                        <ChangeMessageVisibilityBatchResponse>
                            <ChangeMessageVisibilityBatchResult>
                                <ChangeMessageVisibilityBatchResultEntry>
                                    <Id>change_visibility_msg_2</Id>
                                </ChangeMessageVisibilityBatchResultEntry>
                                <ChangeMessageVisibilityBatchResultEntry>
                                    <Id>change_visibility_msg_3</Id>
                                </ChangeMessageVisibilityBatchResultEntry>
                            </ChangeMessageVisibilityBatchResult>
                            <ResponseMetadata>
                                <RequestId>ca9668f7-ab1b-4f7a-8859-f15747ab17a7</RequestId>
                            </ResponseMetadata>
                        </ChangeMessageVisibilityBatchResponse>
                -->
                <resource auth="aws_v2" displayName="Change Message Visibility Batch" method="GET"
                    name="ChangeMessageVisibilityBatch" path="/{AccountNumber}/{QueueName}/">
                    <description>Changes the visibility timeout of multiple messages in a Queue.</description>
                    <mappings>
                        <map name="ContentMap" context="IN" isRequired="true">
                            <source type="LITERAL">application/x-www-form-urlencoded</source>
                            <target type="HEADER">Content-Type</target>
                        </map>
                    </mappings>                    
                    <parameters>
                        <parameter name="AccountNumber" isRequired="true" style="URI_CONTEXT">
                            <description>Amazon Account Number.</description>
                        </parameter>
                        <parameter name="QueueName" isRequired="true" style="URI_CONTEXT">
                            <description>Name of the queue in which the message is present,whose visibility to changed.</description>
                        </parameter>
                        <parameter name="Action" isRequired="true" style="QUERYSTRING_PARAM" defaultValue="ChangeMessageVisibilityBatch">
                            <description>Change Message Visibility Batch Action.</description>
                        </parameter>
                        <parameter name="ChangeMessageVisibilityBatchRequestEntry" isRequired="true" style="QUERYSTRING_PARAM" dataType="Record" documentRef="amazonSQS_v20121105.doctypes.parameter:docTypeRef_ChangeMessageVisibilityBatchRequestEntriesType">
                            <description>A list of receipt handles of the messages for which the visibility timeout must be changed.</description>
                             <formatter service="wm.cloudstreams.service.util.formatters:paramFormatter" type="paramFormatter">
								<arg name="startIndex" value="1"/>
                            </formatter>
                        </parameter>
                        <parameter name="Version" isRequired="true" style="QUERYSTRING_PARAM" defaultValue="2012-11-05">
                            <description>Amazon SQS version.</description>
                        </parameter>                        
                    </parameters>
                    
                    <responses>
                        <response code="200" name="tns:ChangeMessageVisibilityBatchResponse" builderType="application/xml"
                            messageFormatterType="application/octet+idataoref"
                            documentRef="amazonSQS_v20121105.doctypes:docTypeRef_tns_ChangeMessageVisibilityBatchResponseType" />
                        <response code="400,403,404,500,503" name="tns:ErrorResponse" builderType="application/xml"
                            messageFormatterType="application/octet+idataoref"
                            documentRef="amazonSQS_v20121105.doctypes:docTypeRef_tns_ErrorResponseType" />
                    </responses>
                </resource>
                
                <!--Delete Message Batch-->
                <!--Sample Request
                        http://sqs.us-east-1.amazonaws.com/123456789012/testQueue/
                        &Action=DeleteMessageBatch
                        &Version=2011-10-01
                        &DeleteMessageBatchRequestEntry.1.Id=msg1                        &DeleteMessageBatchRequestEntry.1.ReceiptHandle=gfk0T0R0waama4fVFffkjPQrrvzMrOg0fTFk2LxT33EuB8wR0ZCFgKWyXGWFoqqpCIiprQUEhir%2F5LeGPpYTLzjqLQxyQYaQALeSNHb0us3uE84uujxpBhsDkZUQkjFFkNqBXn48xlMcVhTcI3YLH%2Bd%2BIqetIOHgBCZAPx6r%2B09dWaBXei6nbK5Ygih21DCDdAwFV68Jo8DXhb3ErEfoDqx7vyvC5nCpdwqv%2BJhU%2FTNGjNN8t51v5c%2FAXvQsAzyZVNapxUrHIt4NxRhKJ72uICcxruyE8eRXlxIVNgeNP8ZEDcw7zZU1Zw%3D%3D
                        &DeleteMessageBatchRequestEntry.2.Id=msg2                        &DeleteMessageBatchRequestEntry.2.ReceiptHandle=gfk0T0R0waama4fVFffkjKzmhMCymjQvfTFk2LxT33G4ms5subrE0deLKWSscPU1oD3J9zgeS4PQQ3U30qOumIE6AdAv3w%2F%2Fa1IXW6AqaWhGsEPaLm3Vf6IiWqdM8u5imB%2BNTwj3tQRzOWdTOePjOjPcTpRxBtXix%2BEvwJOZUma9wabv%2BSw6ZHjwmNcVDx8dZXJhVp16Bksiox%2FGrUvrVTCJRTWTLc59oHLLF8sEkKzRmGNzTDGTiV%2BYjHfQj60FD3rVaXmzTsoNxRhKJ72uIHVMGVQiAGgB%2BqAbSqfKHDQtVOmJJgkHug%3D%3D
                        &SignatureMethod=HmacSHA256
                        &Expires=2011-10-18T22%3A52%3A43PST
                        &AWSAccessKeyId=AKIAIOSFODNN7EXAMPLE
                        &SignatureVersion=2
                        &Signature=Dqlp3Sd6ljTUA9Uf6SGtEExwUQEXAMPLE
                    Sample Response
                        <DeleteMessageBatchResponse>
                            <DeleteMessageBatchResult>
                                <DeleteMessageBatchResultEntry>
                                    <Id>msg1</Id>
                                </DeleteMessageBatchResultEntry>
                                <DeleteMessageBatchResultEntry>
                                    <Id>msg2</Id>
                                </DeleteMessageBatchResultEntry>
                            </DeleteMessageBatchResult>
                            <ResponseMetadata>
                                <RequestId>d6f86b7a-74d1-4439-b43f-196a1e29cd85</RequestId>
                            </ResponseMetadata>
                        </DeleteMessageBatchResponse>
                -->
                <resource auth="aws_v2" displayName="Delete Message Batch" method="GET"
                    name="DeleteMessageBatch" path="/{AccountNumber}/{QueueName}/">
                    <description>Deletes multiple messages.</description>
                    <mappings>
                        <map name="ContentMap" context="IN" isRequired="true">
                            <source type="LITERAL">application/x-www-form-urlencoded</source>
                            <target type="HEADER">Content-Type</target>
                        </map>
                    </mappings>                    
                    <parameters>
                        <parameter name="AccountNumber" isRequired="true" style="URI_CONTEXT">
                            <description>Amazon Account Number.</description>
                        </parameter>
                        <parameter name="QueueName" isRequired="true" style="URI_CONTEXT">
                            <description>Name of the queue in which the message is present,whose visibility to changed.</description>
                        </parameter>
                        <parameter name="Action" isRequired="true" style="QUERYSTRING_PARAM" defaultValue="DeleteMessageBatch">
                        <description>Delete Message Batch Action.</description>
                        </parameter>
                        <parameter name="DeleteMessageBatchRequestEntry" isRequired="true" style="QUERYSTRING_PARAM" dataType="Record" documentRef="amazonSQS_v20121105.doctypes.parameter:docTypeRef_DeleteMessageBatchRequestEntriesType">
                            <description>A list of receipt handles for the messages to be deleted.</description>
                            <formatter service="wm.cloudstreams.service.util.formatters:paramFormatter" type="paramFormatter">
								<arg name="startIndex" value="1"/>
                            </formatter>
                        </parameter>
                        <parameter name="Version" isRequired="true" style="QUERYSTRING_PARAM" defaultValue="2012-11-05">
                            <description>Amazon SQS version</description>
                        </parameter>
                    </parameters>
                    
                    <responses>
                        <response code="200" name="tns:DeleteMessageBatchResponse" builderType="application/xml"
                            messageFormatterType="application/octet+idataoref"
                            documentRef="amazonSQS_v20121105.doctypes:docTypeRef_tns_DeleteMessageBatchResponseType" />
                          <response code="400,403,404,500,503" name="tns:ErrorResponse" builderType="application/xml"
                            messageFormatterType="application/octet+idataoref"
                            documentRef="amazonSQS_v20121105.doctypes:docTypeRef_tns_ErrorResponseType" />
                    </responses>
                </resource>
                
                <!--Send Message Batch-->
                <!--Sample Request
                        http://sqs.us-east-1.amazonaws.com/123456789012/testQueue/
                        ?Action=SendMessageBatch
                        &SendMessageBatchRequestEntry.1.Id=test_msg_001
                        &SendMessageBatchRequestEntry.1.MessageBody=test%20message%20body%201
                        &SendMessageBatchRequestEntry.2.Id=test_msg_002
                        &SendMessageBatchRequestEntry.2.MessageBody=test%20message%20body%202
                        &SendMessageBatchRequestEntry.2.DelaySeconds=60
                        &Version=2011-10-01
                        &SignatureMethod=HmacSHA256
                        &Expires=2011-10-18T22%3A52%3A43PST
                        &AWSAccessKeyId=AKIAIOSFODNN7EXAMPLE
                        &SignatureVersion=2
                        &Signature=Dqlp3Sd6ljTUA9Uf6SGtEExwUQEXAMPLE
                    Sample Response
                        <SendMessageBatchResponse>
                        <SendMessageBatchResult>
                            <SendMessageBatchResultEntry>
                                <Id>test_msg_001</Id>
                                <MessageId>0a5231c7-8bff-4955-be2e-8dc7c50a25fa</MessageId>
                                <MD5OfMessageBody>0e024d309850c78cba5eabbeff7cae71</MD5OfMessageBody>
                            </SendMessageBatchResultEntry>
                            <SendMessageBatchResultEntry>
                                <Id>test_msg_002</Id>
                                <MessageId>15ee1ed3-87e7-40c1-bdaa-2e49968ea7e9</MessageId>
                                <MD5OfMessageBody>7fb8146a82f95e0af155278f406862c2</MD5OfMessageBody>
                            </SendMessageBatchResultEntry>
                        </SendMessageBatchResult>
                        <ResponseMetadata>
                            <RequestId>ca1ad5d0-8271-408b-8d0f-1351bf547e74</RequestId>
                        </ResponseMetadata>
                        </SendMessageBatchResponse>
                -->
                <resource auth="aws_v2" displayName="Send Message Batch" method="GET"
                    name="SendMessageBatch" path="/{AccountNumber}/{QueueName}/">
                    <description>Delivers up to ten messages to the specified Queue</description>
                    <mappings>
                        <map name="ContentMap" context="IN" isRequired="true">
                            <source type="LITERAL">application/x-www-form-urlencoded</source>
                            <target type="HEADER">Content-Type</target>
                        </map>
                    </mappings>                    
                    <parameters>
                        <parameter name="AccountNumber" isRequired="true" style="URI_CONTEXT">
                            <description>Amazon account number</description>
                        </parameter>
                        <parameter name="QueueName" isRequired="true" style="URI_CONTEXT">
                            <description>Name of the destination queue</description>
                        </parameter>
                        <parameter name="Action" isRequired="true" style="QUERYSTRING_PARAM" defaultValue="SendMessageBatch">
                        <description>Send Message Batch Action</description>
                        </parameter>
                        <parameter name="SendMessageBatchRequestEntry" isRequired="true" style="QUERYSTRING_PARAM" dataType="Record" documentRef="amazonSQS_v20121105.doctypes.parameter:docTypeRef_SendMessageBatchRequestEntriesType">    
                            <description>A list of SendMessageBatchRequestEntry items.</description>
                             <formatter service="wm.cloudstreams.service.util.formatters:paramFormatter" type="paramFormatter">
								<arg name="startIndex" value="1"/>
                            </formatter>
                        </parameter>
                           <parameter name="Version" isRequired="true" style="QUERYSTRING_PARAM" defaultValue="2012-11-05">
                            <description>Amazon SQS version.</description>
                        </parameter>
                    </parameters>
                    <responses>
                        <response code="200" name="tns:SendMessageBatchResponse" builderType="application/xml"
                            messageFormatterType="application/octet+idataoref"
                            documentRef="amazonSQS_v20121105.doctypes:docTypeRef_tns_SendMessageBatchResponseType" />
                          <response code="400,403,404,500,503" name="tns:ErrorResponse" builderType="application/xml"
                            messageFormatterType="application/octet+idataoref"
                            documentRef="amazonSQS_v20121105.doctypes:docTypeRef_tns_ErrorResponseType" />
                    </responses>
                </resource>
                <!--AddPermission-->
                <!--Sample Request
                        http://sqs.us-east-1.amazonaws.com/123456789012/testQueue/
                        ?Action=AddPermission
                        &Label=testLabel
                        &AWSAccountId.1=125074342641
                        &ActionName.1=SendMessage
                        &AWSAccountId.2=125074342642
                        &ActionName.2=ReceiveMessage
                        &Version=2009-02-01
                        &SignatureMethod=HmacSHA256
                        &Expires=2009-04-18T22%3A52%3A43PST
                        &AWSAccessKeyId=AKIAIOSFODNN7EXAMPLE
                        &SignatureVersion=2
                        &Signature=Dqlp3Sd6ljTUA9Uf6SGtEExwUQEXAMPLE
                    Sample Response
                        <AddPermissionResponse>
                            <ResponseMetadata>
                                <RequestId>
                                    9a285199-c8d6-47c2-bdb2-314cb47d599d
                                </RequestId>
                            </ResponseMetadata>
                        </AddPermissionResponse>
                -->
                <resource auth="aws_v2" displayName="AddPermission" method="GET"
                    name="AddPermission" path="/{AccountNumber}/{QueueName}/">
                    <description>Adds a permission to a Queue for a specific principal</description>
                    <mappings>
                        <map name="ContentMap" context="IN" isRequired="true">
                            <source type="LITERAL">application/x-www-form-urlencoded</source>
                            <target type="HEADER">Content-Type</target>
                        </map>
                    </mappings>
                    <parameters>
                        <parameter name="AccountNumber" isRequired="true" style="URI_CONTEXT">
                            <description>Amazon Account Number.</description>
                        </parameter>
                        <parameter name="QueueName" isRequired="true" style="URI_CONTEXT">
                            <description>Name of the queue in which message is to be added.</description>
                        </parameter>
                        <parameter name="Action" isRequired="true" style="QUERYSTRING_PARAM" defaultValue="AddPermission">
                        <description>Add Permission Action</description>
                        </parameter>
                        <parameter name="AWSAccountId" isRequired="true" style="QUERYSTRING_PARAM" dataType="Record" documentRef="amazonSQS_v20121105.doctypes.parameter:docTypeRef_AWSAccountIdsType">
                            <description>The AWS account number of the principal who will be given permission.</description>
                            <formatter service="wm.cloudstreams.service.util.formatters:paramFormatter" type="paramFormatter">
								<arg name="startIndex" value="1"/>
                            </formatter>
                        </parameter>    
                        <parameter name="ActionName" isRequired="true" style="QUERYSTRING_PARAM"
                        dataType="Record" documentRef="amazonSQS_v20121105.doctypes.parameter:docTypeRef_ActionNamesType">
                            <description>The action the client wants to allow for the specified principal.</description>
                            <formatter service="wm.cloudstreams.service.util.formatters:paramFormatter" type="paramFormatter">
								<arg name="startIndex" value="1"/>
                            </formatter>
                        </parameter>
                        <parameter name="Label" isRequired="true" style="QUERYSTRING_PARAM">
                            <description>The unique identification of the permission you're setting.</description>
                        </parameter>
                        <parameter name="Version" isRequired="true" style="QUERYSTRING_PARAM" defaultValue="2012-11-05">
                            <description>Amazon SQS version</description>
                        </parameter>
                    </parameters>
                    <responses>
                        <response code="200" name="tns:AddPermissionResponse" builderType="application/xml"
                            messageFormatterType="application/octet+idataoref"
                            documentRef="amazonSQS_v20121105.doctypes:docTypeRef_tns_AddPermissionResponseType" />
                          <response code="400,403,404,500,503" name="tns:ErrorResponse" builderType="application/xml"
                            messageFormatterType="application/octet+idataoref"
                            documentRef="amazonSQS_v20121105.doctypes:docTypeRef_tns_ErrorResponseType" />                        
                    </responses>
                </resource>
                
                <!--RemovePermission-->
                <!--Sample Request
                        http://sqs.us-east-1.amazonaws.com/123456789012/testQueue/
                        ?Action=RemovePermission
                        &Label=testLabel
                        &Version=2009-02-01
                        &SignatureMethod=HmacSHA256
                        &Expires=2009-04-18T22%3A52%3A43PST
                        &AWSAccessKeyId=AKIAIOSFODNN7EXAMPLE
                        &SignatureVersion=2
                        &Signature=Dqlp3Sd6ljTUA9Uf6SGtEExwUQEXAMPLE
                    Sample Response
                        <RemovePermissionResponse>
                            <ResponseMetadata>
                                <RequestId>
                                    f8bdb362-6616-42c0-977a-ce9a8bcce3bb
                                </RequestId>
                            </ResponseMetadata>
                        </RemovePermissionResponse>
                -->
                <resource auth="aws_v2" displayName="RemovePermission" method="GET"
                    name="RemovePermission" path="/{AccountNumber}/{QueueName}/">
                    <description>Revokes any permissions in the Queue policy that matches the label parameter</description>
                    <mappings>
                        <map name="ContentMap" context="IN" isRequired="true">
                            <source type="LITERAL">application/x-www-form-urlencoded</source>
                            <target type="HEADER">Content-Type</target>
                        </map>
                    </mappings>                    
                    
                    <parameters>
                        <parameter name="AccountNumber" isRequired="true" style="URI_CONTEXT">
                            <description>Amazon AccountNumber</description>
                        </parameter>
                        <parameter name="QueueName" isRequired="true" style="URI_CONTEXT">
                            <description>Name of the queue in which message is to be added</description>
                        </parameter>
                        <parameter name="Action" isRequired="true" style="QUERYSTRING_PARAM" defaultValue="RemovePermission">
                        <description>Remove Permission Action</description>
                        </parameter>
                        <parameter name="Label" isRequired="true" style="QUERYSTRING_PARAM">
                            <description>The unique identification of the permission you're setting.</description>
                        </parameter>
                        <parameter name="Version" isRequired="true" style="QUERYSTRING_PARAM" defaultValue="2012-11-05">
                            <description>Amazon SQS version</description>
                        </parameter>
                    </parameters>
                    
                    <responses>
                        <response code="200" name="tns:RemovePermissionResponse" builderType="application/xml"
                            messageFormatterType="application/octet+idataoref"
                            documentRef="amazonSQS_v20121105.doctypes:docTypeRef_tns_RemoveermissionResponseType" />

                          <response code="400,403,404,500,503" name="tns:ErrorResponse" builderType="application/xml"
                            messageFormatterType="application/octet+idataoref"
                            documentRef="amazonSQS_v20121105.doctypes:docTypeRef_tns_ErrorResponseType" />        
                    </responses>
                </resource>                
            </resources>            
        </service>
    </services>
</rest-connector>

