<?xml version="1.0" encoding="UTF-8"?>

<FLOW VERSION="3.0" CLEANUP="true">
  <COMMENT></COMMENT>

  <!-- nodes -->

<MAP TIMEOUT="" MODE="STANDALONE">
  <COMMENT></COMMENT>
  <MAPTARGET>

<Values version="2.0">
  <record name="xml" javaclass="com.wm.util.Values">
    <value name="node_type">record</value>
    <value name="field_type">record</value>
    <value name="field_dim">0</value>
    <value name="field_opt">false</value>
    <array name="rec_fields" type="record" depth="1">
      <record javaclass="com.wm.util.Values">
        <value name="node_type">unknown</value>
        <value name="field_name">PO_LINE_NUMBER</value>
        <value name="field_type">string</value>
        <value name="field_dim">0</value>
        <value name="field_opt">false</value>
      </record>
      <record javaclass="com.wm.util.Values">
        <value name="node_type">unknown</value>
        <value name="field_name">QUANTITY_INVOICED</value>
        <value name="field_type">string</value>
        <value name="field_dim">0</value>
        <value name="field_opt">false</value>
      </record>
      <record javaclass="com.wm.util.Values">
        <value name="node_type">unknown</value>
        <value name="field_name">PO_UOM</value>
        <value name="field_type">string</value>
        <value name="field_dim">0</value>
        <value name="field_opt">false</value>
      </record>
      <record javaclass="com.wm.util.Values">
        <value name="node_type">unknown</value>
        <value name="field_name">UNIT_PRICE</value>
        <value name="field_type">string</value>
        <value name="field_dim">0</value>
        <value name="field_opt">false</value>
      </record>
      <record javaclass="com.wm.util.Values">
        <value name="node_type">record</value>
        <value name="field_name">VENDOR_PART_NUMBER</value>
        <value name="field_type">string</value>
        <value name="field_dim">0</value>
        <value name="field_opt">false</value>
      </record>
      <record javaclass="com.wm.util.Values">
        <value name="node_type">record</value>
        <value name="field_name">BUYER_PART_NUMBER</value>
        <value name="field_type">string</value>
        <value name="field_dim">0</value>
        <value name="field_opt">false</value>
      </record>
    </array>
    <value name="rec_closed">false</value>
  </record>
</Values>
</MAPTARGET>
  <MAPSOURCE>

<Values version="2.0">
  <record name="xml" javaclass="com.wm.util.Values">
    <value name="node_type">record</value>
    <value name="field_type">record</value>
    <value name="field_dim">0</value>
    <value name="field_opt">false</value>
    <array name="rec_fields" type="record" depth="1">
      <record javaclass="com.wm.util.Values">
        <value name="node_type">record</value>
        <value name="field_name">IT1</value>
        <value name="field_type">recref</value>
        <value name="field_dim">0</value>
        <value name="field_opt">false</value>
        <value name="rec_closed">false</value>
        <value name="rec_ref">INVSegments:IT1</value>
      </record>
    </array>
    <value name="rec_closed">false</value>
  </record>
</Values>
</MAPSOURCE>

  <!-- nodes -->

<MAPCOPY NAME="Link" FROM="/IT1;4;0;INVSegments:IT1/IT101;1;0" TO="/PO_LINE_NUMBER;1;0">
</MAPCOPY>

<MAPDELETE NAME="Dropper" FIELD="/IT1;4;0;INVSegments:IT1">
</MAPDELETE>

<MAPCOPY NAME="Link" FROM="/IT1;4;0;INVSegments:IT1/IT102;1;0" TO="/QUANTITY_INVOICED;1;0">
</MAPCOPY>

<MAPCOPY NAME="Link" FROM="/IT1;4;0;INVSegments:IT1/IT103;2;0/code;1;0" TO="/PO_UOM;1;0">
</MAPCOPY>

<MAPCOPY NAME="Link" FROM="/IT1;4;0;INVSegments:IT1/IT104;1;0" TO="/UNIT_PRICE;1;0">
</MAPCOPY>

<MAPCOPY NAME="Link" FROM="/IT1;4;0;INVSegments:IT1/IT107;1;0" TO="/VENDOR_PART_NUMBER;1;0">
</MAPCOPY>

<MAPCOPY NAME="Link" FROM="/IT1;4;0;INVSegments:IT1/IT109;1;0" TO="/BUYER_PART_NUMBER;1;0">
</MAPCOPY>
</MAP>
</FLOW>
