<?xml version="1.0" encoding="UTF-8"?>

<FLOW VERSION="3.0" CLEANUP="true">
  <COMMENT></COMMENT>

  <!-- nodes -->

<SEQUENCE TIMEOUT="" EXIT-ON="FAILURE" FORM="TRY">
  <COMMENT></COMMENT>

  <!-- nodes -->

<INVOKE TIMEOUT="" SERVICE="net.juniper.services.bam:generateBamInstanceId" VALIDATE-IN="$none" VALIDATE-OUT="$none">
  <COMMENT></COMMENT>

  <!-- nodes -->

<MAP MODE="INPUT">
  <MAPTARGET>

<Values version="2.0">
  <record name="xml" javaclass="com.wm.util.Values">
    <value name="node_type">record</value>
    <value name="node_subtype">unknown</value>
    <value name="is_public">false</value>
    <value name="field_type">record</value>
    <value name="field_dim">0</value>
    <value name="wrapper_type">IData</value>
    <value name="nillable">true</value>
    <value name="form_qualified">false</value>
    <value name="is_global">false</value>
    <array name="rec_fields" type="record" depth="1">
      <record javaclass="com.wm.util.Values">
        <value name="node_type">record</value>
        <value name="node_subtype">unknown</value>
        <value name="node_comment"></value>
        <record name="node_hints" javaclass="com.wm.util.Values">
          <value name="field_usereditable">true</value>
          <value name="field_largerEditor">false</value>
          <value name="field_password">false</value>
        </record>
        <value name="is_public">false</value>
        <value name="field_name">instanceId</value>
        <value name="field_type">string</value>
        <value name="field_dim">0</value>
        <array name="field_options" type="value" depth="1">
        </array>
        <value name="nillable">true</value>
        <value name="form_qualified">false</value>
        <value name="is_global">false</value>
      </record>
    </array>
    <value name="modifiable">true</value>
  </record>
</Values>
</MAPTARGET>
  <MAPSOURCE>

<Values version="2.0">
  <record name="xml" javaclass="com.wm.util.Values">
    <value name="node_type">record</value>
    <value name="node_subtype">unknown</value>
    <value name="is_public">false</value>
    <value name="field_type">record</value>
    <value name="field_dim">0</value>
    <value name="nillable">true</value>
    <value name="form_qualified">false</value>
    <value name="is_global">false</value>
    <array name="rec_fields" type="record" depth="1">
      <record javaclass="com.wm.util.Values">
        <value name="node_type">record</value>
        <value name="node_subtype">unknown</value>
        <value name="node_comment"></value>
        <record name="node_hints" javaclass="com.wm.util.Values">
          <value name="field_largerEditor">false</value>
          <value name="field_password">false</value>
        </record>
        <value name="is_public">false</value>
        <value name="field_name">bamDocument</value>
        <value name="field_type">recref</value>
        <value name="field_dim">0</value>
        <value name="wrapper_type">IData</value>
        <value name="nillable">true</value>
        <value name="form_qualified">false</value>
        <value name="is_global">false</value>
        <value name="rec_closed">true</value>
        <value name="modifiable">true</value>
        <value name="rec_ref">net.juniper.canonicals:bamDocument</value>
      </record>
    </array>
    <value name="modifiable">true</value>
  </record>
</Values>
</MAPSOURCE>

  <!-- nodes -->

<MAPCOPY FROM="/bamDocument;4;0;net.juniper.canonicals:bamDocument/ns:monitorElement;2;0/ns:mHeader;2;0/ns:instanceId;1;0" TO="/instanceId;1;0">
</MAPCOPY>
</MAP>

<MAP MODE="OUTPUT">
  <MAPTARGET>

<Values version="2.0">
  <record name="xml" javaclass="com.wm.util.Values">
    <value name="node_type">record</value>
    <value name="node_subtype">unknown</value>
    <value name="is_public">false</value>
    <value name="field_type">record</value>
    <value name="field_dim">0</value>
    <value name="nillable">true</value>
    <value name="form_qualified">false</value>
    <value name="is_global">false</value>
    <array name="rec_fields" type="record" depth="1">
      <record javaclass="com.wm.util.Values">
        <value name="node_type">unknown</value>
        <value name="node_subtype">unknown</value>
        <value name="is_public">false</value>
        <value name="field_name">instanceId</value>
        <value name="field_type">string</value>
        <value name="field_dim">0</value>
        <value name="nillable">true</value>
        <value name="form_qualified">false</value>
        <value name="is_global">false</value>
      </record>
      <record javaclass="com.wm.util.Values">
        <value name="node_type">record</value>
        <value name="node_subtype">unknown</value>
        <value name="node_comment"></value>
        <record name="node_hints" javaclass="com.wm.util.Values">
          <value name="field_largerEditor">false</value>
          <value name="field_password">false</value>
        </record>
        <value name="is_public">false</value>
        <value name="field_name">bamDocument</value>
        <value name="field_type">recref</value>
        <value name="field_dim">0</value>
        <value name="wrapper_type">IData</value>
        <value name="nillable">true</value>
        <value name="form_qualified">false</value>
        <value name="is_global">false</value>
        <value name="rec_closed">true</value>
        <value name="modifiable">true</value>
        <value name="rec_ref">net.juniper.canonicals:bamDocument</value>
      </record>
      <record javaclass="com.wm.util.Values">
        <value name="node_type">record</value>
        <value name="node_subtype">unknown</value>
        <value name="node_comment"></value>
        <record name="node_hints" javaclass="com.wm.util.Values">
          <value name="field_usereditable">true</value>
          <value name="field_largerEditor">false</value>
          <value name="field_password">false</value>
        </record>
        <value name="is_public">false</value>
        <value name="field_name">bamInstanceId</value>
        <value name="field_type">string</value>
        <value name="field_dim">0</value>
        <array name="field_options" type="value" depth="1">
        </array>
        <value name="nillable">true</value>
        <value name="form_qualified">false</value>
        <value name="is_global">false</value>
      </record>
    </array>
    <value name="modifiable">true</value>
  </record>
</Values>
</MAPTARGET>
  <MAPSOURCE>

<Values version="2.0">
  <record name="xml" javaclass="com.wm.util.Values">
    <value name="node_type">record</value>
    <value name="node_subtype">unknown</value>
    <value name="is_public">false</value>
    <value name="field_type">record</value>
    <value name="field_dim">0</value>
    <value name="wrapper_type">IData</value>
    <value name="nillable">true</value>
    <value name="form_qualified">false</value>
    <value name="is_global">false</value>
    <array name="rec_fields" type="record" depth="1">
      <record javaclass="com.wm.util.Values">
        <value name="node_type">record</value>
        <value name="node_subtype">unknown</value>
        <value name="node_comment"></value>
        <record name="node_hints" javaclass="com.wm.util.Values">
          <value name="field_usereditable">true</value>
          <value name="field_largerEditor">false</value>
          <value name="field_password">false</value>
        </record>
        <value name="is_public">false</value>
        <value name="field_name">bamInstanceId</value>
        <value name="field_type">string</value>
        <value name="field_dim">0</value>
        <array name="field_options" type="value" depth="1">
        </array>
        <value name="nillable">true</value>
        <value name="form_qualified">false</value>
        <value name="is_global">false</value>
      </record>
    </array>
    <value name="modifiable">true</value>
  </record>
</Values>
</MAPSOURCE>

  <!-- nodes -->

<MAPDELETE FIELD="/bamInstanceId;1;0">
</MAPDELETE>

<MAPCOPY FROM="/bamInstanceId;1;0" TO="/bamDocument;4;0;net.juniper.canonicals:bamDocument/ns:monitorElement;2;0/ns:mHeader;2;0/ns:instanceId;1;0">
</MAPCOPY>

<MAPDELETE FIELD="/instanceId;1;0">
</MAPDELETE>
</MAP>
</INVOKE>

<BRANCH TIMEOUT="" LABELEXPRESSIONS="true">
  <COMMENT></COMMENT>

  <!-- nodes -->

<SEQUENCE NAME="%bamDocument/ns:monitorElement/ns:mHeader/ns:eventTime% == $null || %bamDocument/ns:monitorElement/ns:mHeader/ns:eventTime% == &#39;&#39;" TIMEOUT="" EXIT-ON="FAILURE">
  <COMMENT></COMMENT>

  <!-- nodes -->

<INVOKE TIMEOUT="" SERVICE="pub.date:getCurrentDateString" VALIDATE-IN="$none" VALIDATE-OUT="$none">
  <COMMENT></COMMENT>

  <!-- nodes -->

<MAP MODE="INPUT">
  <MAPTARGET>

<Values version="2.0">
  <record name="xml" javaclass="com.wm.util.Values">
    <value name="node_type">record</value>
    <value name="node_subtype">unknown</value>
    <value name="is_public">false</value>
    <value name="field_name">getCurrentDateStringInput</value>
    <value name="field_type">record</value>
    <value name="field_dim">0</value>
    <value name="nillable">true</value>
    <value name="form_qualified">false</value>
    <value name="is_global">false</value>
    <array name="rec_fields" type="record" depth="1">
      <record javaclass="com.wm.util.Values">
        <value name="node_type">field</value>
        <value name="node_subtype">unknown</value>
        <value name="is_public">false</value>
        <value name="field_name">pattern</value>
        <value name="field_type">string</value>
        <value name="field_dim">0</value>
        <value name="nillable">true</value>
        <value name="form_qualified">false</value>
        <value name="is_global">false</value>
      </record>
      <record javaclass="com.wm.util.Values">
        <value name="node_type">field</value>
        <value name="node_subtype">unknown</value>
        <value name="is_public">false</value>
        <value name="field_name">timezone</value>
        <value name="field_type">string</value>
        <value name="field_dim">0</value>
        <value name="field_opt">true</value>
        <value name="nillable">true</value>
        <value name="form_qualified">false</value>
        <value name="is_global">false</value>
      </record>
      <record javaclass="com.wm.util.Values">
        <value name="node_type">field</value>
        <value name="node_subtype">unknown</value>
        <value name="is_public">false</value>
        <value name="field_name">locale</value>
        <value name="field_type">string</value>
        <value name="field_dim">0</value>
        <value name="field_opt">true</value>
        <value name="nillable">true</value>
        <value name="form_qualified">false</value>
        <value name="is_global">false</value>
      </record>
    </array>
    <value name="modifiable">true</value>
  </record>
</Values>
</MAPTARGET>
  <MAPSOURCE>

<Values version="2.0">
  <record name="xml" javaclass="com.wm.util.Values">
    <value name="node_type">record</value>
    <value name="node_subtype">unknown</value>
    <value name="is_public">false</value>
    <value name="field_type">record</value>
    <value name="field_dim">0</value>
    <value name="nillable">true</value>
    <value name="form_qualified">false</value>
    <value name="is_global">false</value>
    <array name="rec_fields" type="record" depth="1">
    </array>
    <value name="modifiable">true</value>
  </record>
</Values>
</MAPSOURCE>

  <!-- nodes -->

<MAPSET NAME="Setter" OVERWRITE="true" VARIABLES="false" GLOBALVARIABLES="false" FIELD="/pattern;1;0">
  <DATA ENCODING="XMLValues" I18N="true">

<Values version="2.0">
  <value name="xml">yyyy-MM-dd'T'HH:mm:ss.SSS-07:00</value>
  <record name="type" javaclass="com.wm.util.Values">
    <value name="node_type">field</value>
    <value name="node_subtype">unknown</value>
    <value name="is_public">false</value>
    <value name="field_name">pattern</value>
    <value name="field_type">string</value>
    <value name="field_dim">0</value>
    <value name="nillable">true</value>
    <value name="form_qualified">false</value>
    <value name="is_global">false</value>
  </record>
</Values>
</DATA>
</MAPSET>

<MAPSET NAME="Setter" OVERWRITE="true" VARIABLES="false" GLOBALVARIABLES="false" FIELD="/timezone;1;0">
  <DATA ENCODING="XMLValues" I18N="true">

<Values version="2.0">
  <value name="xml">America/Los_Angeles</value>
  <record name="type" javaclass="com.wm.util.Values">
    <value name="node_type">field</value>
    <value name="node_subtype">unknown</value>
    <value name="is_public">false</value>
    <value name="field_name">timezone</value>
    <value name="field_type">string</value>
    <value name="field_dim">0</value>
    <value name="field_opt">true</value>
    <value name="nillable">true</value>
    <value name="form_qualified">false</value>
    <value name="is_global">false</value>
  </record>
</Values>
</DATA>
</MAPSET>
</MAP>

<MAP MODE="OUTPUT">
  <MAPTARGET>

<Values version="2.0">
  <record name="xml" javaclass="com.wm.util.Values">
    <value name="node_type">record</value>
    <value name="node_subtype">unknown</value>
    <value name="is_public">false</value>
    <value name="field_type">record</value>
    <value name="field_dim">0</value>
    <value name="nillable">true</value>
    <value name="form_qualified">false</value>
    <value name="is_global">false</value>
    <array name="rec_fields" type="record" depth="1">
      <record javaclass="com.wm.util.Values">
        <value name="node_type">unknown</value>
        <value name="node_subtype">unknown</value>
        <value name="is_public">false</value>
        <value name="field_name">pattern</value>
        <value name="field_type">string</value>
        <value name="field_dim">0</value>
        <value name="nillable">true</value>
        <value name="form_qualified">false</value>
        <value name="is_global">false</value>
      </record>
      <record javaclass="com.wm.util.Values">
        <value name="node_type">unknown</value>
        <value name="node_subtype">unknown</value>
        <value name="is_public">false</value>
        <value name="field_name">timezone</value>
        <value name="field_type">string</value>
        <value name="field_dim">0</value>
        <value name="nillable">true</value>
        <value name="form_qualified">false</value>
        <value name="is_global">false</value>
      </record>
      <record javaclass="com.wm.util.Values">
        <value name="node_type">record</value>
        <value name="node_subtype">unknown</value>
        <value name="node_comment"></value>
        <record name="node_hints" javaclass="com.wm.util.Values">
          <value name="field_largerEditor">false</value>
          <value name="field_password">false</value>
        </record>
        <value name="is_public">false</value>
        <value name="field_name">bamDocument</value>
        <value name="field_type">recref</value>
        <value name="field_dim">0</value>
        <value name="wrapper_type">IData</value>
        <value name="nillable">true</value>
        <value name="form_qualified">false</value>
        <value name="is_global">false</value>
        <value name="rec_closed">true</value>
        <value name="modifiable">true</value>
        <value name="rec_ref">net.juniper.canonicals:bamDocument</value>
      </record>
      <record javaclass="com.wm.util.Values">
        <value name="node_type">field</value>
        <value name="node_subtype">unknown</value>
        <value name="is_public">false</value>
        <value name="field_name">value</value>
        <value name="field_type">string</value>
        <value name="field_dim">0</value>
        <value name="nillable">true</value>
        <value name="form_qualified">false</value>
        <value name="is_global">false</value>
      </record>
    </array>
    <value name="modifiable">true</value>
  </record>
</Values>
</MAPTARGET>
  <MAPSOURCE>

<Values version="2.0">
  <record name="xml" javaclass="com.wm.util.Values">
    <value name="node_type">record</value>
    <value name="node_subtype">unknown</value>
    <value name="is_public">false</value>
    <value name="field_name">getCurrentDateStringOutput</value>
    <value name="field_type">record</value>
    <value name="field_dim">0</value>
    <value name="nillable">true</value>
    <value name="form_qualified">false</value>
    <value name="is_global">false</value>
    <array name="rec_fields" type="record" depth="1">
      <record javaclass="com.wm.util.Values">
        <value name="node_type">field</value>
        <value name="node_subtype">unknown</value>
        <value name="is_public">false</value>
        <value name="field_name">value</value>
        <value name="field_type">string</value>
        <value name="field_dim">0</value>
        <value name="nillable">true</value>
        <value name="form_qualified">false</value>
        <value name="is_global">false</value>
      </record>
    </array>
    <value name="modifiable">true</value>
  </record>
</Values>
</MAPSOURCE>

  <!-- nodes -->

<MAPDELETE FIELD="/value;1;0">
</MAPDELETE>

<MAPDELETE FIELD="/pattern;1;0">
</MAPDELETE>

<MAPCOPY FROM="/value;1;0" TO="/bamDocument;4;0;net.juniper.canonicals:bamDocument/ns:monitorElement;2;0/ns:mHeader;2;0/ns:eventTime;1;0">
</MAPCOPY>

<MAPDELETE FIELD="/timezone;1;0">
</MAPDELETE>
</MAP>
</INVOKE>
</SEQUENCE>
</BRANCH>

<BRANCH TIMEOUT="" LABELEXPRESSIONS="true">
  <COMMENT></COMMENT>

  <!-- nodes -->

<MAP NAME="%bamDocument/queueMetadata/queueName% == $null || %bamDocument/queueMetadata/queueName% == &#39;&#39;" TIMEOUT="" MODE="STANDALONE">
  <COMMENT></COMMENT>
  <MAPTARGET>

<Values version="2.0">
  <record name="xml" javaclass="com.wm.util.Values">
    <value name="node_type">record</value>
    <value name="node_subtype">unknown</value>
    <value name="is_public">false</value>
    <value name="field_type">record</value>
    <value name="field_dim">0</value>
    <value name="nillable">true</value>
    <value name="form_qualified">false</value>
    <value name="is_global">false</value>
    <array name="rec_fields" type="record" depth="1">
      <record javaclass="com.wm.util.Values">
        <value name="node_type">record</value>
        <value name="node_subtype">unknown</value>
        <value name="node_comment"></value>
        <record name="node_hints" javaclass="com.wm.util.Values">
          <value name="field_largerEditor">false</value>
          <value name="field_password">false</value>
        </record>
        <value name="is_public">false</value>
        <value name="field_name">bamDocument</value>
        <value name="field_type">recref</value>
        <value name="field_dim">0</value>
        <value name="wrapper_type">IData</value>
        <value name="nillable">true</value>
        <value name="form_qualified">false</value>
        <value name="is_global">false</value>
        <value name="rec_closed">true</value>
        <value name="modifiable">true</value>
        <value name="rec_ref">net.juniper.canonicals:bamDocument</value>
      </record>
    </array>
    <value name="modifiable">true</value>
  </record>
</Values>
</MAPTARGET>
  <MAPSOURCE>

<Values version="2.0">
  <record name="xml" javaclass="com.wm.util.Values">
    <value name="node_type">record</value>
    <value name="node_subtype">unknown</value>
    <value name="is_public">false</value>
    <value name="field_type">record</value>
    <value name="field_dim">0</value>
    <value name="nillable">true</value>
    <value name="form_qualified">false</value>
    <value name="is_global">false</value>
    <array name="rec_fields" type="record" depth="1">
    </array>
    <value name="modifiable">true</value>
  </record>
</Values>
</MAPSOURCE>

  <!-- nodes -->

<MAPSET NAME="Setter" OVERWRITE="true" VARIABLES="false" GLOBALVARIABLES="true" FIELD="/bamDocument;4;0;net.juniper.canonicals:bamDocument/queueMetadata;2;0/queueName;1;0">
  <DATA ENCODING="XMLValues" I18N="true">

<Values version="2.0">
  <value name="xml">%bamSqsName%</value>
  <record name="type" javaclass="com.wm.util.Values">
    <value name="node_type">record</value>
    <value name="node_subtype">unknown</value>
    <value name="node_comment"></value>
    <record name="node_hints" javaclass="com.wm.util.Values">
      <value name="field_usereditable">true</value>
      <value name="field_largerEditor">false</value>
      <value name="field_password">false</value>
    </record>
    <value name="is_public">false</value>
    <value name="field_name">queueName</value>
    <value name="field_type">string</value>
    <value name="field_dim">0</value>
    <array name="field_options" type="value" depth="1">
    </array>
    <value name="nillable">true</value>
    <value name="form_qualified">false</value>
    <value name="is_global">false</value>
  </record>
</Values>
</DATA>
</MAPSET>
</MAP>
</BRANCH>

<BRANCH TIMEOUT="" LABELEXPRESSIONS="true">
  <COMMENT></COMMENT>

  <!-- nodes -->

<MAP NAME="%bamDocument/queueMetadata/region% == $null || %bamDocument/queueMetadata/region% == &#39;&#39;" TIMEOUT="" MODE="STANDALONE">
  <COMMENT></COMMENT>
  <MAPTARGET>

<Values version="2.0">
  <record name="xml" javaclass="com.wm.util.Values">
    <value name="node_type">record</value>
    <value name="node_subtype">unknown</value>
    <value name="is_public">false</value>
    <value name="field_type">record</value>
    <value name="field_dim">0</value>
    <value name="nillable">true</value>
    <value name="form_qualified">false</value>
    <value name="is_global">false</value>
    <array name="rec_fields" type="record" depth="1">
      <record javaclass="com.wm.util.Values">
        <value name="node_type">record</value>
        <value name="node_subtype">unknown</value>
        <value name="node_comment"></value>
        <record name="node_hints" javaclass="com.wm.util.Values">
          <value name="field_largerEditor">false</value>
          <value name="field_password">false</value>
        </record>
        <value name="is_public">false</value>
        <value name="field_name">bamDocument</value>
        <value name="field_type">recref</value>
        <value name="field_dim">0</value>
        <value name="wrapper_type">IData</value>
        <value name="nillable">true</value>
        <value name="form_qualified">false</value>
        <value name="is_global">false</value>
        <value name="rec_closed">true</value>
        <value name="modifiable">true</value>
        <value name="rec_ref">net.juniper.canonicals:bamDocument</value>
      </record>
    </array>
    <value name="modifiable">true</value>
  </record>
</Values>
</MAPTARGET>
  <MAPSOURCE>

<Values version="2.0">
  <record name="xml" javaclass="com.wm.util.Values">
    <value name="node_type">record</value>
    <value name="node_subtype">unknown</value>
    <value name="is_public">false</value>
    <value name="field_type">record</value>
    <value name="field_dim">0</value>
    <value name="nillable">true</value>
    <value name="form_qualified">false</value>
    <value name="is_global">false</value>
    <array name="rec_fields" type="record" depth="1">
    </array>
    <value name="modifiable">true</value>
  </record>
</Values>
</MAPSOURCE>

  <!-- nodes -->

<MAPSET NAME="Setter" OVERWRITE="true" VARIABLES="false" GLOBALVARIABLES="true" FIELD="/bamDocument;4;0;net.juniper.canonicals:bamDocument/queueMetadata;2;0/region;1;0">
  <DATA ENCODING="XMLValues" I18N="true">

<Values version="2.0">
  <value name="xml">%sqsRegion%</value>
  <record name="type" javaclass="com.wm.util.Values">
    <value name="node_type">record</value>
    <value name="node_subtype">unknown</value>
    <value name="node_comment"></value>
    <record name="node_hints" javaclass="com.wm.util.Values">
      <value name="field_usereditable">true</value>
      <value name="field_largerEditor">false</value>
      <value name="field_password">false</value>
    </record>
    <value name="is_public">false</value>
    <value name="field_name">region</value>
    <value name="field_type">string</value>
    <value name="field_dim">0</value>
    <array name="field_options" type="value" depth="1">
    </array>
    <value name="nillable">true</value>
    <value name="form_qualified">false</value>
    <value name="is_global">false</value>
  </record>
</Values>
</DATA>
</MAPSET>
</MAP>
</BRANCH>

<BRANCH TIMEOUT="" LABELEXPRESSIONS="true">
  <COMMENT></COMMENT>

  <!-- nodes -->

<MAP NAME="%bamDocument/queueMetadata/key% == $null || %bamDocument/queueMetadata/key% == &#39;&#39;" TIMEOUT="" MODE="STANDALONE">
  <COMMENT></COMMENT>
  <MAPTARGET>

<Values version="2.0">
  <record name="xml" javaclass="com.wm.util.Values">
    <value name="node_type">record</value>
    <value name="node_subtype">unknown</value>
    <value name="is_public">false</value>
    <value name="field_type">record</value>
    <value name="field_dim">0</value>
    <value name="nillable">true</value>
    <value name="form_qualified">false</value>
    <value name="is_global">false</value>
    <array name="rec_fields" type="record" depth="1">
      <record javaclass="com.wm.util.Values">
        <value name="node_type">record</value>
        <value name="node_subtype">unknown</value>
        <value name="node_comment"></value>
        <record name="node_hints" javaclass="com.wm.util.Values">
          <value name="field_largerEditor">false</value>
          <value name="field_password">false</value>
        </record>
        <value name="is_public">false</value>
        <value name="field_name">bamDocument</value>
        <value name="field_type">recref</value>
        <value name="field_dim">0</value>
        <value name="wrapper_type">IData</value>
        <value name="nillable">true</value>
        <value name="form_qualified">false</value>
        <value name="is_global">false</value>
        <value name="rec_closed">true</value>
        <value name="modifiable">true</value>
        <value name="rec_ref">net.juniper.canonicals:bamDocument</value>
      </record>
    </array>
    <value name="modifiable">true</value>
  </record>
</Values>
</MAPTARGET>
  <MAPSOURCE>

<Values version="2.0">
  <record name="xml" javaclass="com.wm.util.Values">
    <value name="node_type">record</value>
    <value name="node_subtype">unknown</value>
    <value name="is_public">false</value>
    <value name="field_type">record</value>
    <value name="field_dim">0</value>
    <value name="nillable">true</value>
    <value name="form_qualified">false</value>
    <value name="is_global">false</value>
    <array name="rec_fields" type="record" depth="1">
    </array>
    <value name="modifiable">true</value>
  </record>
</Values>
</MAPSOURCE>

  <!-- nodes -->

<MAPSET NAME="Setter" OVERWRITE="true" VARIABLES="false" GLOBALVARIABLES="true" FIELD="/bamDocument;4;0;net.juniper.canonicals:bamDocument/queueMetadata;2;0/key;1;0">
  <DATA ENCODING="XMLValues" I18N="true">

<Values version="2.0">
  <value name="xml">%awsKey%</value>
  <record name="type" javaclass="com.wm.util.Values">
    <value name="node_type">record</value>
    <value name="node_subtype">unknown</value>
    <value name="node_comment"></value>
    <record name="node_hints" javaclass="com.wm.util.Values">
      <value name="field_usereditable">true</value>
      <value name="field_largerEditor">false</value>
      <value name="field_password">false</value>
    </record>
    <value name="is_public">false</value>
    <value name="field_name">key</value>
    <value name="field_type">string</value>
    <value name="field_dim">0</value>
    <array name="field_options" type="value" depth="1">
    </array>
    <value name="nillable">true</value>
    <value name="form_qualified">false</value>
    <value name="is_global">false</value>
  </record>
</Values>
</DATA>
</MAPSET>
</MAP>
</BRANCH>

<BRANCH TIMEOUT="" LABELEXPRESSIONS="true">
  <COMMENT></COMMENT>

  <!-- nodes -->

<MAP NAME="%bamDocument/queueMetadata/secret% == $null || %bamDocument/queueMetadata/secret% == &#39;&#39;" TIMEOUT="" MODE="STANDALONE">
  <COMMENT></COMMENT>
  <MAPTARGET>

<Values version="2.0">
  <record name="xml" javaclass="com.wm.util.Values">
    <value name="node_type">record</value>
    <value name="node_subtype">unknown</value>
    <value name="is_public">false</value>
    <value name="field_type">record</value>
    <value name="field_dim">0</value>
    <value name="nillable">true</value>
    <value name="form_qualified">false</value>
    <value name="is_global">false</value>
    <array name="rec_fields" type="record" depth="1">
      <record javaclass="com.wm.util.Values">
        <value name="node_type">record</value>
        <value name="node_subtype">unknown</value>
        <value name="node_comment"></value>
        <record name="node_hints" javaclass="com.wm.util.Values">
          <value name="field_largerEditor">false</value>
          <value name="field_password">false</value>
        </record>
        <value name="is_public">false</value>
        <value name="field_name">bamDocument</value>
        <value name="field_type">recref</value>
        <value name="field_dim">0</value>
        <value name="wrapper_type">IData</value>
        <value name="nillable">true</value>
        <value name="form_qualified">false</value>
        <value name="is_global">false</value>
        <value name="rec_closed">true</value>
        <value name="modifiable">true</value>
        <value name="rec_ref">net.juniper.canonicals:bamDocument</value>
      </record>
    </array>
    <value name="modifiable">true</value>
  </record>
</Values>
</MAPTARGET>
  <MAPSOURCE>

<Values version="2.0">
  <record name="xml" javaclass="com.wm.util.Values">
    <value name="node_type">record</value>
    <value name="node_subtype">unknown</value>
    <value name="is_public">false</value>
    <value name="field_type">record</value>
    <value name="field_dim">0</value>
    <value name="nillable">true</value>
    <value name="form_qualified">false</value>
    <value name="is_global">false</value>
    <array name="rec_fields" type="record" depth="1">
    </array>
    <value name="modifiable">true</value>
  </record>
</Values>
</MAPSOURCE>

  <!-- nodes -->

<MAPSET NAME="Setter" OVERWRITE="true" VARIABLES="false" GLOBALVARIABLES="true" FIELD="/bamDocument;4;0;net.juniper.canonicals:bamDocument/queueMetadata;2;0/secret;1;0">
  <DATA ENCODING="XMLValues" I18N="true">

<Values version="2.0">
  <value name="xml">%awsSecret%</value>
  <record name="type" javaclass="com.wm.util.Values">
    <value name="node_type">record</value>
    <value name="node_subtype">unknown</value>
    <value name="node_comment"></value>
    <record name="node_hints" javaclass="com.wm.util.Values">
      <value name="field_usereditable">true</value>
      <value name="field_largerEditor">false</value>
      <value name="field_password">true</value>
    </record>
    <value name="is_public">false</value>
    <value name="field_name">secret</value>
    <value name="field_type">string</value>
    <value name="field_dim">0</value>
    <array name="field_options" type="value" depth="1">
    </array>
    <value name="nillable">true</value>
    <value name="form_qualified">false</value>
    <value name="is_global">false</value>
  </record>
</Values>
</DATA>
</MAPSET>
</MAP>
</BRANCH>

<MAP TIMEOUT="" MODE="STANDALONE">
  <COMMENT></COMMENT>
  <MAPTARGET>

<Values version="2.0">
  <record name="xml" javaclass="com.wm.util.Values">
    <value name="node_type">record</value>
    <value name="node_subtype">unknown</value>
    <value name="is_public">false</value>
    <value name="field_type">record</value>
    <value name="field_dim">0</value>
    <value name="nillable">true</value>
    <value name="form_qualified">false</value>
    <value name="is_global">false</value>
    <array name="rec_fields" type="record" depth="1">
      <record javaclass="com.wm.util.Values">
        <value name="node_type">record</value>
        <value name="node_subtype">unknown</value>
        <value name="is_public">false</value>
        <value name="field_name">bamDocumentWrapper</value>
        <value name="field_type">recref</value>
        <value name="field_dim">0</value>
        <value name="nillable">true</value>
        <value name="form_qualified">false</value>
        <value name="is_global">false</value>
        <value name="modifiable">true</value>
        <value name="rec_ref">net.juniper.canonicals:bamDocumentWrapper</value>
      </record>
      <record javaclass="com.wm.util.Values">
        <value name="node_type">record</value>
        <value name="node_subtype">unknown</value>
        <value name="node_comment"></value>
        <record name="node_hints" javaclass="com.wm.util.Values">
          <value name="field_largerEditor">false</value>
          <value name="field_password">false</value>
        </record>
        <value name="is_public">false</value>
        <value name="field_name">bamDocument</value>
        <value name="field_type">recref</value>
        <value name="field_dim">0</value>
        <value name="wrapper_type">IData</value>
        <value name="nillable">true</value>
        <value name="form_qualified">false</value>
        <value name="is_global">false</value>
        <value name="rec_closed">true</value>
        <value name="modifiable">true</value>
        <value name="rec_ref">net.juniper.canonicals:bamDocument</value>
      </record>
    </array>
    <value name="modifiable">true</value>
  </record>
</Values>
</MAPTARGET>
  <MAPSOURCE>

<Values version="2.0">
  <record name="xml" javaclass="com.wm.util.Values">
    <value name="node_type">record</value>
    <value name="node_subtype">unknown</value>
    <value name="is_public">false</value>
    <value name="field_type">record</value>
    <value name="field_dim">0</value>
    <value name="nillable">true</value>
    <value name="form_qualified">false</value>
    <value name="is_global">false</value>
    <array name="rec_fields" type="record" depth="1">
      <record javaclass="com.wm.util.Values">
        <value name="node_type">record</value>
        <value name="node_subtype">unknown</value>
        <value name="node_comment"></value>
        <record name="node_hints" javaclass="com.wm.util.Values">
          <value name="field_largerEditor">false</value>
          <value name="field_password">false</value>
        </record>
        <value name="is_public">false</value>
        <value name="field_name">bamDocument</value>
        <value name="field_type">recref</value>
        <value name="field_dim">0</value>
        <value name="wrapper_type">IData</value>
        <value name="nillable">true</value>
        <value name="form_qualified">false</value>
        <value name="is_global">false</value>
        <value name="rec_closed">true</value>
        <value name="modifiable">true</value>
        <value name="rec_ref">net.juniper.canonicals:bamDocument</value>
      </record>
    </array>
    <value name="modifiable">true</value>
  </record>
</Values>
</MAPSOURCE>

  <!-- nodes -->

<MAPSET NAME="Setter" OVERWRITE="true" VARIABLES="false" GLOBALVARIABLES="false" FIELD="/bamDocumentWrapper;4;0;net.juniper.canonicals:bamDocumentWrapper/prefix0:actionData;2;0/prefix0:header;2;0/prefix0:processRevision;1;0">
  <DATA ENCODING="XMLValues" I18N="true">

<Values version="2.0">
  <value name="xml">1.0</value>
  <record name="type" javaclass="com.wm.util.Values">
    <value name="node_type">unknown</value>
    <value name="node_subtype">unknown</value>
    <value name="node_comment"></value>
    <record name="node_hints" javaclass="com.wm.util.Values">
      <value name="field_usereditable">true</value>
      <value name="field_largerEditor">false</value>
      <value name="field_password">false</value>
    </record>
    <value name="is_public">false</value>
    <value name="field_name">prefix0:processRevision</value>
    <value name="field_type">string</value>
    <value name="field_dim">0</value>
    <array name="field_options" type="value" depth="1">
    </array>
    <value name="nillable">true</value>
    <value name="form_qualified">false</value>
    <value name="is_global">false</value>
  </record>
</Values>
</DATA>
</MAPSET>

<MAPCOPY FROM="/bamDocument;4;0;net.juniper.canonicals:bamDocument/ns:monitorElement;2;0/ns:mHeader;2;0/ns:componentName;1;0" TO="/bamDocumentWrapper;4;0;net.juniper.canonicals:bamDocumentWrapper/prefix0:actionData;2;0/prefix0:header;2;0/prefix0:applicationName;1;0">
</MAPCOPY>

<MAPCOPY FROM="/bamDocument;4;0;net.juniper.canonicals:bamDocument/ns:monitorElement;2;0/ns:mHeader;2;0/ns:componentName;1;0" TO="/bamDocumentWrapper;4;0;net.juniper.canonicals:bamDocumentWrapper/prefix0:actionData;2;0/prefix0:header;2;0/prefix0:compositeName;1;0">
</MAPCOPY>

<MAPCOPY FROM="/bamDocument;4;0;net.juniper.canonicals:bamDocument/ns:monitorElement;2;0/ns:mHeader;2;0/ns:instanceId;1;0" TO="/bamDocumentWrapper;4;0;net.juniper.canonicals:bamDocumentWrapper/prefix0:actionData;2;0/prefix0:header;2;0/prefix0:compositeInstanceId;1;0">
</MAPCOPY>

<MAPCOPY FROM="/bamDocument;4;0;net.juniper.canonicals:bamDocument/ns:monitorElement;2;0/ns:mHeader;2;0/ns:componentName;1;0" TO="/bamDocumentWrapper;4;0;net.juniper.canonicals:bamDocumentWrapper/prefix0:actionData;2;0/prefix0:header;2;0/prefix0:compositeLabel;1;0">
</MAPCOPY>

<MAPCOPY FROM="/bamDocument;4;0;net.juniper.canonicals:bamDocument/ns:monitorElement;2;0/ns:mHeader;2;0/ns:componentName;1;0" TO="/bamDocumentWrapper;4;0;net.juniper.canonicals:bamDocumentWrapper/prefix0:actionData;2;0/prefix0:header;2;0/prefix0:componentName;1;0">
</MAPCOPY>

<MAPCOPY FROM="/bamDocument;4;0;net.juniper.canonicals:bamDocument/ns:monitorElement;2;0/ns:mHeader;2;0/ns:componentName;1;0" TO="/bamDocumentWrapper;4;0;net.juniper.canonicals:bamDocumentWrapper/prefix0:actionData;2;0/prefix0:header;2;0/prefix0:processName;1;0">
</MAPCOPY>

<MAPCOPY FROM="/bamDocument;4;0;net.juniper.canonicals:bamDocument/ns:monitorElement;2;0/ns:mHeader;2;0/ns:instanceId;1;0" TO="/bamDocumentWrapper;4;0;net.juniper.canonicals:bamDocumentWrapper/prefix0:actionData;2;0/prefix0:header;2;0/prefix0:instanceId;1;0">
</MAPCOPY>

<MAPCOPY FROM="/bamDocument;4;0;net.juniper.canonicals:bamDocument/ns:monitorElement;2;0/ns:mHeader;2;0/ns:eventTime;1;0" TO="/bamDocumentWrapper;4;0;net.juniper.canonicals:bamDocumentWrapper/prefix0:actionData;2;0/prefix0:header;2;0/prefix0:timestamp;1;0">
</MAPCOPY>

<MAPCOPY FROM="/bamDocument;4;0;net.juniper.canonicals:bamDocument/ns:monitorElement;2;0" TO="/bamDocumentWrapper;4;0;net.juniper.canonicals:bamDocumentWrapper/prefix0:actionData;2;0/prefix0:payload;2;0/prefix0:variableData;2;0/prefix0:data;4;0;net.juniper.canonicals:bamDocument/ns:monitorElement;2;0">
</MAPCOPY>
</MAP>

<INVOKE TIMEOUT="" SERVICE="net.juniper.services.bam:publishToBam" VALIDATE-IN="$none" VALIDATE-OUT="$none">
  <COMMENT></COMMENT>

  <!-- nodes -->

<MAP MODE="INPUT">
  <MAPTARGET>

<Values version="2.0">
  <record name="xml" javaclass="com.wm.util.Values">
    <value name="node_type">record</value>
    <value name="node_subtype">unknown</value>
    <value name="is_public">false</value>
    <value name="field_type">recref</value>
    <value name="field_dim">0</value>
    <value name="wrapper_type">IData</value>
    <value name="nillable">true</value>
    <value name="form_qualified">false</value>
    <value name="is_global">false</value>
    <value name="modifiable">true</value>
    <value name="rec_ref">net.juniper.canonicals:bamDocumentWrapper</value>
    <array name="rec_fields" type="record" depth="1">
      <record javaclass="com.wm.util.Values">
        <value name="node_type">record</value>
        <value name="node_subtype">unknown</value>
        <value name="node_comment"></value>
        <record name="node_hints" javaclass="com.wm.util.Values">
          <value name="field_largerEditor">false</value>
          <value name="field_password">false</value>
        </record>
        <value name="is_public">false</value>
        <value name="field_name">prefix0:actionData</value>
        <value name="field_type">record</value>
        <value name="field_dim">0</value>
        <value name="wrapper_type">IData</value>
        <value name="nillable">true</value>
        <value name="field_xmlns">http://xmlns.oracle.com/bpel/sensor</value>
        <value name="form_qualified">false</value>
        <value name="is_global">false</value>
        <array name="rec_fields" type="record" depth="1">
          <record javaclass="com.wm.util.Values">
            <value name="node_type">record</value>
            <value name="node_subtype">unknown</value>
            <value name="node_comment"></value>
            <record name="node_hints" javaclass="com.wm.util.Values">
              <value name="field_largerEditor">false</value>
              <value name="field_password">false</value>
            </record>
            <value name="is_public">false</value>
            <value name="field_name">prefix0:header</value>
            <value name="field_type">record</value>
            <value name="field_dim">0</value>
            <value name="wrapper_type">IData</value>
            <value name="nillable">true</value>
            <value name="form_qualified">false</value>
            <value name="is_global">false</value>
            <array name="rec_fields" type="record" depth="1">
              <record javaclass="com.wm.util.Values">
                <value name="node_type">unknown</value>
                <value name="node_subtype">unknown</value>
                <value name="node_comment"></value>
                <record name="node_hints" javaclass="com.wm.util.Values">
                  <value name="field_usereditable">true</value>
                  <value name="field_largerEditor">false</value>
                  <value name="field_password">false</value>
                </record>
                <value name="is_public">false</value>
                <value name="field_name">prefix0:applicationName</value>
                <value name="field_type">string</value>
                <value name="field_dim">0</value>
                <array name="field_options" type="value" depth="1">
                </array>
                <value name="nillable">true</value>
                <value name="form_qualified">false</value>
                <value name="is_global">false</value>
              </record>
              <record javaclass="com.wm.util.Values">
                <value name="node_type">unknown</value>
                <value name="node_subtype">unknown</value>
                <value name="node_comment"></value>
                <record name="node_hints" javaclass="com.wm.util.Values">
                  <value name="field_usereditable">true</value>
                  <value name="field_largerEditor">false</value>
                  <value name="field_password">false</value>
                </record>
                <value name="is_public">false</value>
                <value name="field_name">prefix0:compositeName</value>
                <value name="field_type">string</value>
                <value name="field_dim">0</value>
                <array name="field_options" type="value" depth="1">
                </array>
                <value name="nillable">true</value>
                <value name="form_qualified">false</value>
                <value name="is_global">false</value>
              </record>
              <record javaclass="com.wm.util.Values">
                <value name="node_type">unknown</value>
                <value name="node_subtype">unknown</value>
                <value name="node_comment"></value>
                <record name="node_hints" javaclass="com.wm.util.Values">
                  <value name="field_usereditable">true</value>
                  <value name="field_largerEditor">false</value>
                  <value name="field_password">false</value>
                </record>
                <value name="is_public">false</value>
                <value name="field_name">prefix0:compositeInstanceId</value>
                <value name="field_type">string</value>
                <value name="field_dim">0</value>
                <array name="field_options" type="value" depth="1">
                </array>
                <value name="nillable">true</value>
                <value name="form_qualified">false</value>
                <value name="is_global">false</value>
              </record>
              <record javaclass="com.wm.util.Values">
                <value name="node_type">unknown</value>
                <value name="node_subtype">unknown</value>
                <value name="node_comment"></value>
                <record name="node_hints" javaclass="com.wm.util.Values">
                  <value name="field_usereditable">false</value>
                  <value name="field_largerEditor">false</value>
                  <value name="field_password">false</value>
                </record>
                <value name="is_public">false</value>
                <value name="field_name">prefix0:compositeRevision</value>
                <value name="field_type">string</value>
                <value name="field_dim">0</value>
                <array name="field_options" type="value" depth="1">
                </array>
                <value name="nillable">true</value>
                <value name="form_qualified">false</value>
                <value name="is_global">false</value>
              </record>
              <record javaclass="com.wm.util.Values">
                <value name="node_type">unknown</value>
                <value name="node_subtype">unknown</value>
                <value name="node_comment"></value>
                <record name="node_hints" javaclass="com.wm.util.Values">
                  <value name="field_usereditable">true</value>
                  <value name="field_largerEditor">false</value>
                  <value name="field_password">false</value>
                </record>
                <value name="is_public">false</value>
                <value name="field_name">prefix0:compositeLabel</value>
                <value name="field_type">string</value>
                <value name="field_dim">0</value>
                <array name="field_options" type="value" depth="1">
                </array>
                <value name="nillable">true</value>
                <value name="form_qualified">false</value>
                <value name="is_global">false</value>
              </record>
              <record javaclass="com.wm.util.Values">
                <value name="node_type">unknown</value>
                <value name="node_subtype">unknown</value>
                <value name="node_comment"></value>
                <record name="node_hints" javaclass="com.wm.util.Values">
                  <value name="field_usereditable">true</value>
                  <value name="field_largerEditor">false</value>
                  <value name="field_password">false</value>
                </record>
                <value name="is_public">false</value>
                <value name="field_name">prefix0:componentName</value>
                <value name="field_type">string</value>
                <value name="field_dim">0</value>
                <array name="field_options" type="value" depth="1">
                </array>
                <value name="nillable">true</value>
                <value name="form_qualified">false</value>
                <value name="is_global">false</value>
              </record>
              <record javaclass="com.wm.util.Values">
                <value name="node_type">unknown</value>
                <value name="node_subtype">unknown</value>
                <value name="node_comment"></value>
                <record name="node_hints" javaclass="com.wm.util.Values">
                  <value name="field_usereditable">true</value>
                  <value name="field_largerEditor">false</value>
                  <value name="field_password">false</value>
                </record>
                <value name="is_public">false</value>
                <value name="field_name">prefix0:processName</value>
                <value name="field_type">string</value>
                <value name="field_dim">0</value>
                <array name="field_options" type="value" depth="1">
                </array>
                <value name="nillable">true</value>
                <value name="form_qualified">false</value>
                <value name="is_global">false</value>
              </record>
              <record javaclass="com.wm.util.Values">
                <value name="node_type">unknown</value>
                <value name="node_subtype">unknown</value>
                <value name="node_comment"></value>
                <record name="node_hints" javaclass="com.wm.util.Values">
                  <value name="field_usereditable">true</value>
                  <value name="field_largerEditor">false</value>
                  <value name="field_password">false</value>
                </record>
                <value name="is_public">false</value>
                <value name="field_name">prefix0:processRevision</value>
                <value name="field_type">string</value>
                <value name="field_dim">0</value>
                <array name="field_options" type="value" depth="1">
                </array>
                <value name="nillable">true</value>
                <value name="form_qualified">false</value>
                <value name="is_global">false</value>
              </record>
              <record javaclass="com.wm.util.Values">
                <value name="node_type">unknown</value>
                <value name="node_subtype">unknown</value>
                <value name="node_comment"></value>
                <record name="node_hints" javaclass="com.wm.util.Values">
                  <value name="field_usereditable">true</value>
                  <value name="field_largerEditor">false</value>
                  <value name="field_password">false</value>
                </record>
                <value name="is_public">false</value>
                <value name="field_name">prefix0:domain</value>
                <value name="field_type">string</value>
                <value name="field_dim">0</value>
                <array name="field_options" type="value" depth="1">
                </array>
                <value name="nillable">true</value>
                <value name="form_qualified">false</value>
                <value name="is_global">false</value>
              </record>
              <record javaclass="com.wm.util.Values">
                <value name="node_type">unknown</value>
                <value name="node_subtype">unknown</value>
                <value name="node_comment"></value>
                <record name="node_hints" javaclass="com.wm.util.Values">
                  <value name="field_usereditable">true</value>
                  <value name="field_largerEditor">false</value>
                  <value name="field_password">false</value>
                </record>
                <value name="is_public">false</value>
                <value name="field_name">prefix0:instanceId</value>
                <value name="field_type">string</value>
                <value name="field_dim">0</value>
                <array name="field_options" type="value" depth="1">
                </array>
                <value name="nillable">true</value>
                <value name="form_qualified">false</value>
                <value name="is_global">false</value>
              </record>
              <record javaclass="com.wm.util.Values">
                <value name="node_type">unknown</value>
                <value name="node_subtype">unknown</value>
                <value name="node_comment"></value>
                <record name="node_hints" javaclass="com.wm.util.Values">
                  <value name="field_usereditable">true</value>
                  <value name="field_largerEditor">false</value>
                  <value name="field_password">false</value>
                </record>
                <value name="is_public">false</value>
                <value name="field_name">prefix0:midTierInstance</value>
                <value name="field_type">string</value>
                <value name="field_dim">0</value>
                <array name="field_options" type="value" depth="1">
                </array>
                <value name="nillable">true</value>
                <value name="form_qualified">false</value>
                <value name="is_global">false</value>
              </record>
              <record javaclass="com.wm.util.Values">
                <value name="node_type">unknown</value>
                <value name="node_subtype">unknown</value>
                <value name="node_comment"></value>
                <record name="node_hints" javaclass="com.wm.util.Values">
                  <value name="field_usereditable">true</value>
                  <value name="field_largerEditor">false</value>
                  <value name="field_password">false</value>
                </record>
                <value name="is_public">false</value>
                <value name="field_name">prefix0:timestamp</value>
                <value name="field_type">string</value>
                <value name="field_dim">0</value>
                <array name="field_options" type="value" depth="1">
                </array>
                <value name="nillable">true</value>
                <value name="form_qualified">false</value>
                <value name="is_global">false</value>
              </record>
              <record javaclass="com.wm.util.Values">
                <value name="node_type">record</value>
                <value name="node_subtype">unknown</value>
                <value name="node_comment"></value>
                <record name="node_hints" javaclass="com.wm.util.Values">
                  <value name="field_largerEditor">false</value>
                  <value name="field_password">false</value>
                </record>
                <value name="is_public">false</value>
                <value name="field_name">prefix0:sensor</value>
                <value name="field_type">record</value>
                <value name="field_dim">0</value>
                <value name="wrapper_type">IData</value>
                <value name="nillable">true</value>
                <value name="form_qualified">false</value>
                <value name="is_global">false</value>
                <array name="rec_fields" type="record" depth="1">
                  <record javaclass="com.wm.util.Values">
                    <value name="node_type">unknown</value>
                    <value name="node_subtype">unknown</value>
                    <value name="node_comment"></value>
                    <record name="node_hints" javaclass="com.wm.util.Values">
                      <value name="field_usereditable">true</value>
                      <value name="field_largerEditor">false</value>
                      <value name="field_password">false</value>
                    </record>
                    <value name="is_public">false</value>
                    <value name="field_name">@sensorName</value>
                    <value name="field_type">string</value>
                    <value name="field_dim">0</value>
                    <array name="field_options" type="value" depth="1">
                    </array>
                    <value name="nillable">true</value>
                    <value name="form_qualified">false</value>
                    <value name="is_global">false</value>
                  </record>
                  <record javaclass="com.wm.util.Values">
                    <value name="node_type">unknown</value>
                    <value name="node_subtype">unknown</value>
                    <value name="node_comment"></value>
                    <record name="node_hints" javaclass="com.wm.util.Values">
                      <value name="field_usereditable">true</value>
                      <value name="field_largerEditor">false</value>
                      <value name="field_password">false</value>
                    </record>
                    <value name="is_public">false</value>
                    <value name="field_name">@classname</value>
                    <value name="field_type">string</value>
                    <value name="field_dim">0</value>
                    <array name="field_options" type="value" depth="1">
                    </array>
                    <value name="nillable">true</value>
                    <value name="form_qualified">false</value>
                    <value name="is_global">false</value>
                  </record>
                  <record javaclass="com.wm.util.Values">
                    <value name="node_type">unknown</value>
                    <value name="node_subtype">unknown</value>
                    <value name="node_comment"></value>
                    <record name="node_hints" javaclass="com.wm.util.Values">
                      <value name="field_usereditable">true</value>
                      <value name="field_largerEditor">false</value>
                      <value name="field_password">false</value>
                    </record>
                    <value name="is_public">false</value>
                    <value name="field_name">@kind</value>
                    <value name="field_type">string</value>
                    <value name="field_dim">0</value>
                    <array name="field_options" type="value" depth="1">
                    </array>
                    <value name="nillable">true</value>
                    <value name="form_qualified">false</value>
                    <value name="is_global">false</value>
                  </record>
                  <record javaclass="com.wm.util.Values">
                    <value name="node_type">unknown</value>
                    <value name="node_subtype">unknown</value>
                    <value name="node_comment"></value>
                    <record name="node_hints" javaclass="com.wm.util.Values">
                      <value name="field_usereditable">true</value>
                      <value name="field_largerEditor">false</value>
                      <value name="field_password">false</value>
                    </record>
                    <value name="is_public">false</value>
                    <value name="field_name">@target</value>
                    <value name="field_type">string</value>
                    <value name="field_dim">0</value>
                    <array name="field_options" type="value" depth="1">
                    </array>
                    <value name="nillable">true</value>
                    <value name="form_qualified">false</value>
                    <value name="is_global">false</value>
                  </record>
                  <record javaclass="com.wm.util.Values">
                    <value name="node_type">record</value>
                    <value name="node_subtype">unknown</value>
                    <value name="node_comment"></value>
                    <record name="node_hints" javaclass="com.wm.util.Values">
                      <value name="field_largerEditor">false</value>
                      <value name="field_password">false</value>
                    </record>
                    <value name="is_public">false</value>
                    <value name="field_name">prefix0:activityConfig</value>
                    <value name="field_type">record</value>
                    <value name="field_dim">0</value>
                    <value name="wrapper_type">IData</value>
                    <value name="nillable">true</value>
                    <value name="form_qualified">false</value>
                    <value name="is_global">false</value>
                    <array name="rec_fields" type="record" depth="1">
                      <record javaclass="com.wm.util.Values">
                        <value name="node_type">unknown</value>
                        <value name="node_subtype">unknown</value>
                        <value name="is_public">false</value>
                        <value name="field_name">@evalTime</value>
                        <value name="field_type">string</value>
                        <value name="field_dim">0</value>
                        <value name="nillable">true</value>
                        <value name="form_qualified">false</value>
                        <value name="is_global">false</value>
                      </record>
                      <record javaclass="com.wm.util.Values">
                        <value name="node_type">record</value>
                        <value name="node_subtype">unknown</value>
                        <value name="is_public">false</value>
                        <value name="field_name">prefix0:variable</value>
                        <value name="field_type">record</value>
                        <value name="field_dim">0</value>
                        <value name="nillable">true</value>
                        <value name="form_qualified">false</value>
                        <value name="is_global">false</value>
                        <array name="rec_fields" type="record" depth="1">
                          <record javaclass="com.wm.util.Values">
                            <value name="node_type">unknown</value>
                            <value name="node_subtype">unknown</value>
                            <value name="is_public">false</value>
                            <value name="field_name">@outputDataType</value>
                            <value name="field_type">string</value>
                            <value name="field_dim">0</value>
                            <value name="nillable">true</value>
                            <value name="form_qualified">false</value>
                            <value name="is_global">false</value>
                          </record>
                          <record javaclass="com.wm.util.Values">
                            <value name="node_type">unknown</value>
                            <value name="node_subtype">unknown</value>
                            <value name="is_public">false</value>
                            <value name="field_name">@outputNamespace</value>
                            <value name="field_type">string</value>
                            <value name="field_dim">0</value>
                            <value name="nillable">true</value>
                            <value name="form_qualified">false</value>
                            <value name="is_global">false</value>
                          </record>
                          <record javaclass="com.wm.util.Values">
                            <value name="node_type">unknown</value>
                            <value name="node_subtype">unknown</value>
                            <value name="is_public">false</value>
                            <value name="field_name">@target</value>
                            <value name="field_type">string</value>
                            <value name="field_dim">0</value>
                            <value name="nillable">true</value>
                            <value name="form_qualified">false</value>
                            <value name="is_global">false</value>
                          </record>
                        </array>
                        <value name="modifiable">true</value>
                      </record>
                    </array>
                    <value name="modifiable">true</value>
                  </record>
                </array>
                <value name="modifiable">true</value>
              </record>
            </array>
            <value name="modifiable">true</value>
          </record>
          <record javaclass="com.wm.util.Values">
            <value name="node_type">record</value>
            <value name="node_subtype">unknown</value>
            <value name="node_comment"></value>
            <record name="node_hints" javaclass="com.wm.util.Values">
              <value name="field_largerEditor">false</value>
              <value name="field_password">false</value>
            </record>
            <value name="is_public">false</value>
            <value name="field_name">prefix0:payload</value>
            <value name="field_type">record</value>
            <value name="field_dim">0</value>
            <value name="wrapper_type">IData</value>
            <value name="nillable">true</value>
            <value name="form_qualified">false</value>
            <value name="is_global">false</value>
            <array name="rec_fields" type="record" depth="1">
              <record javaclass="com.wm.util.Values">
                <value name="node_type">record</value>
                <value name="node_subtype">unknown</value>
                <value name="node_comment"></value>
                <record name="node_hints" javaclass="com.wm.util.Values">
                  <value name="field_largerEditor">false</value>
                  <value name="field_password">false</value>
                </record>
                <value name="is_public">false</value>
                <value name="field_name">prefix0:activityData</value>
                <value name="field_type">record</value>
                <value name="field_dim">0</value>
                <value name="wrapper_type">IData</value>
                <value name="nillable">true</value>
                <value name="form_qualified">false</value>
                <value name="is_global">false</value>
                <array name="rec_fields" type="record" depth="1">
                  <record javaclass="com.wm.util.Values">
                    <value name="node_type">unknown</value>
                    <value name="node_subtype">unknown</value>
                    <value name="node_comment"></value>
                    <record name="node_hints" javaclass="com.wm.util.Values">
                      <value name="field_usereditable">true</value>
                      <value name="field_largerEditor">false</value>
                      <value name="field_password">false</value>
                    </record>
                    <value name="is_public">false</value>
                    <value name="field_name">prefix0:activityType</value>
                    <value name="field_type">string</value>
                    <value name="field_dim">0</value>
                    <array name="field_options" type="value" depth="1">
                    </array>
                    <value name="nillable">true</value>
                    <value name="form_qualified">false</value>
                    <value name="is_global">false</value>
                  </record>
                  <record javaclass="com.wm.util.Values">
                    <value name="node_type">unknown</value>
                    <value name="node_subtype">unknown</value>
                    <value name="node_comment"></value>
                    <record name="node_hints" javaclass="com.wm.util.Values">
                      <value name="field_usereditable">true</value>
                      <value name="field_largerEditor">false</value>
                      <value name="field_password">false</value>
                    </record>
                    <value name="is_public">false</value>
                    <value name="field_name">prefix0:evalPoint</value>
                    <value name="field_type">string</value>
                    <value name="field_dim">0</value>
                    <array name="field_options" type="value" depth="1">
                    </array>
                    <value name="nillable">true</value>
                    <value name="form_qualified">false</value>
                    <value name="is_global">false</value>
                  </record>
                  <record javaclass="com.wm.util.Values">
                    <value name="node_type">unknown</value>
                    <value name="node_subtype">unknown</value>
                    <value name="node_comment"></value>
                    <record name="node_hints" javaclass="com.wm.util.Values">
                      <value name="field_usereditable">true</value>
                      <value name="field_largerEditor">false</value>
                      <value name="field_password">false</value>
                    </record>
                    <value name="is_public">false</value>
                    <value name="field_name">prefix0:durationInSeconds</value>
                    <value name="field_type">string</value>
                    <value name="field_dim">0</value>
                    <array name="field_options" type="value" depth="1">
                    </array>
                    <value name="nillable">true</value>
                    <value name="form_qualified">false</value>
                    <value name="is_global">false</value>
                  </record>
                  <record javaclass="com.wm.util.Values">
                    <value name="node_type">unknown</value>
                    <value name="node_subtype">unknown</value>
                    <value name="node_comment"></value>
                    <record name="node_hints" javaclass="com.wm.util.Values">
                      <value name="field_usereditable">true</value>
                      <value name="field_largerEditor">false</value>
                      <value name="field_password">false</value>
                    </record>
                    <value name="is_public">false</value>
                    <value name="field_name">prefix0:duration</value>
                    <value name="field_type">string</value>
                    <value name="field_dim">0</value>
                    <array name="field_options" type="value" depth="1">
                    </array>
                    <value name="nillable">true</value>
                    <value name="form_qualified">false</value>
                    <value name="is_global">false</value>
                  </record>
                </array>
                <value name="modifiable">true</value>
              </record>
              <record javaclass="com.wm.util.Values">
                <value name="node_type">record</value>
                <value name="node_subtype">unknown</value>
                <value name="node_comment"></value>
                <record name="node_hints" javaclass="com.wm.util.Values">
                  <value name="field_largerEditor">false</value>
                  <value name="field_password">false</value>
                </record>
                <value name="is_public">false</value>
                <value name="field_name">prefix0:variableData</value>
                <value name="field_type">record</value>
                <value name="field_dim">0</value>
                <value name="wrapper_type">IData</value>
                <value name="nillable">true</value>
                <value name="form_qualified">false</value>
                <value name="is_global">false</value>
                <array name="rec_fields" type="record" depth="1">
                  <record javaclass="com.wm.util.Values">
                    <value name="node_type">unknown</value>
                    <value name="node_subtype">unknown</value>
                    <value name="node_comment"></value>
                    <record name="node_hints" javaclass="com.wm.util.Values">
                      <value name="field_usereditable">true</value>
                      <value name="field_largerEditor">false</value>
                      <value name="field_password">false</value>
                    </record>
                    <value name="is_public">false</value>
                    <value name="field_name">prefix0:dataType</value>
                    <value name="field_type">string</value>
                    <value name="field_dim">0</value>
                    <array name="field_options" type="value" depth="1">
                    </array>
                    <value name="nillable">true</value>
                    <value name="form_qualified">false</value>
                    <value name="is_global">false</value>
                  </record>
                  <record javaclass="com.wm.util.Values">
                    <value name="node_type">record</value>
                    <value name="node_subtype">unknown</value>
                    <value name="node_comment"></value>
                    <record name="node_hints" javaclass="com.wm.util.Values">
                      <value name="field_largerEditor">false</value>
                      <value name="field_password">false</value>
                    </record>
                    <value name="is_public">false</value>
                    <value name="field_name">prefix0:data</value>
                    <value name="field_type">recref</value>
                    <value name="field_dim">0</value>
                    <value name="wrapper_type">IData</value>
                    <value name="nillable">true</value>
                    <value name="form_qualified">false</value>
                    <value name="is_global">false</value>
                    <value name="rec_closed">true</value>
                    <value name="modifiable">true</value>
                    <value name="rec_ref">net.juniper.canonicals:bamDocument</value>
                  </record>
                  <record javaclass="com.wm.util.Values">
                    <value name="node_type">unknown</value>
                    <value name="node_subtype">unknown</value>
                    <value name="node_comment"></value>
                    <record name="node_hints" javaclass="com.wm.util.Values">
                      <value name="field_usereditable">true</value>
                      <value name="field_largerEditor">false</value>
                      <value name="field_password">false</value>
                    </record>
                    <value name="is_public">false</value>
                    <value name="field_name">prefix0:queryName</value>
                    <value name="field_type">string</value>
                    <value name="field_dim">0</value>
                    <array name="field_options" type="value" depth="1">
                    </array>
                    <value name="nillable">true</value>
                    <value name="form_qualified">false</value>
                    <value name="is_global">false</value>
                  </record>
                  <record javaclass="com.wm.util.Values">
                    <value name="node_type">unknown</value>
                    <value name="node_subtype">unknown</value>
                    <value name="node_comment"></value>
                    <record name="node_hints" javaclass="com.wm.util.Values">
                      <value name="field_usereditable">true</value>
                      <value name="field_largerEditor">false</value>
                      <value name="field_password">false</value>
                    </record>
                    <value name="is_public">false</value>
                    <value name="field_name">prefix0:target</value>
                    <value name="field_type">string</value>
                    <value name="field_dim">0</value>
                    <array name="field_options" type="value" depth="1">
                    </array>
                    <value name="nillable">true</value>
                    <value name="form_qualified">false</value>
                    <value name="is_global">false</value>
                  </record>
                  <record javaclass="com.wm.util.Values">
                    <value name="node_type">unknown</value>
                    <value name="node_subtype">unknown</value>
                    <value name="node_comment"></value>
                    <record name="node_hints" javaclass="com.wm.util.Values">
                      <value name="field_usereditable">true</value>
                      <value name="field_largerEditor">false</value>
                      <value name="field_password">false</value>
                    </record>
                    <value name="is_public">false</value>
                    <value name="field_name">prefix0:updaterName</value>
                    <value name="field_type">string</value>
                    <value name="field_dim">0</value>
                    <array name="field_options" type="value" depth="1">
                    </array>
                    <value name="nillable">true</value>
                    <value name="form_qualified">false</value>
                    <value name="is_global">false</value>
                  </record>
                  <record javaclass="com.wm.util.Values">
                    <value name="node_type">unknown</value>
                    <value name="node_subtype">unknown</value>
                    <value name="node_comment"></value>
                    <record name="node_hints" javaclass="com.wm.util.Values">
                      <value name="field_usereditable">true</value>
                      <value name="field_largerEditor">false</value>
                      <value name="field_password">false</value>
                    </record>
                    <value name="is_public">false</value>
                    <value name="field_name">prefix0:updaterType</value>
                    <value name="field_type">string</value>
                    <value name="field_dim">0</value>
                    <array name="field_options" type="value" depth="1">
                    </array>
                    <value name="nillable">true</value>
                    <value name="form_qualified">false</value>
                    <value name="is_global">false</value>
                  </record>
                </array>
                <value name="modifiable">true</value>
              </record>
            </array>
            <value name="modifiable">true</value>
          </record>
        </array>
        <value name="modifiable">true</value>
      </record>
      <record javaclass="com.wm.util.Values">
        <value name="node_type">unknown</value>
        <value name="node_subtype">unknown</value>
        <value name="is_public">false</value>
        <value name="field_name">queueName</value>
        <value name="field_type">string</value>
        <value name="field_dim">0</value>
        <value name="nillable">true</value>
        <value name="form_qualified">false</value>
        <value name="is_global">false</value>
      </record>
      <record javaclass="com.wm.util.Values">
        <value name="node_type">unknown</value>
        <value name="node_subtype">unknown</value>
        <value name="is_public">false</value>
        <value name="field_name">region</value>
        <value name="field_type">string</value>
        <value name="field_dim">0</value>
        <value name="nillable">true</value>
        <value name="form_qualified">false</value>
        <value name="is_global">false</value>
      </record>
      <record javaclass="com.wm.util.Values">
        <value name="node_type">unknown</value>
        <value name="node_subtype">unknown</value>
        <value name="is_public">false</value>
        <value name="field_name">key</value>
        <value name="field_type">string</value>
        <value name="field_dim">0</value>
        <value name="nillable">true</value>
        <value name="form_qualified">false</value>
        <value name="is_global">false</value>
      </record>
      <record javaclass="com.wm.util.Values">
        <value name="node_type">unknown</value>
        <value name="node_subtype">unknown</value>
        <value name="is_public">false</value>
        <value name="field_name">secret</value>
        <value name="field_type">string</value>
        <value name="field_dim">0</value>
        <value name="nillable">true</value>
        <value name="form_qualified">false</value>
        <value name="is_global">false</value>
      </record>
    </array>
  </record>
</Values>
</MAPTARGET>
  <MAPSOURCE>

<Values version="2.0">
  <record name="xml" javaclass="com.wm.util.Values">
    <value name="node_type">record</value>
    <value name="node_subtype">unknown</value>
    <value name="is_public">false</value>
    <value name="field_type">record</value>
    <value name="field_dim">0</value>
    <value name="nillable">true</value>
    <value name="form_qualified">false</value>
    <value name="is_global">false</value>
    <array name="rec_fields" type="record" depth="1">
      <record javaclass="com.wm.util.Values">
        <value name="node_type">record</value>
        <value name="node_subtype">unknown</value>
        <value name="is_public">false</value>
        <value name="field_name">bamDocumentWrapper</value>
        <value name="field_type">recref</value>
        <value name="field_dim">0</value>
        <value name="nillable">true</value>
        <value name="form_qualified">false</value>
        <value name="is_global">false</value>
        <value name="modifiable">true</value>
        <value name="rec_ref">net.juniper.canonicals:bamDocumentWrapper</value>
      </record>
      <record javaclass="com.wm.util.Values">
        <value name="node_type">record</value>
        <value name="node_subtype">unknown</value>
        <value name="node_comment"></value>
        <record name="node_hints" javaclass="com.wm.util.Values">
          <value name="field_largerEditor">false</value>
          <value name="field_password">false</value>
        </record>
        <value name="is_public">false</value>
        <value name="field_name">bamDocument</value>
        <value name="field_type">recref</value>
        <value name="field_dim">0</value>
        <value name="wrapper_type">IData</value>
        <value name="nillable">true</value>
        <value name="form_qualified">false</value>
        <value name="is_global">false</value>
        <value name="rec_closed">true</value>
        <value name="modifiable">true</value>
        <value name="rec_ref">net.juniper.canonicals:bamDocument</value>
      </record>
    </array>
    <value name="modifiable">true</value>
  </record>
</Values>
</MAPSOURCE>

  <!-- nodes -->

<MAPCOPY FROM="/bamDocumentWrapper;4;0;net.juniper.canonicals:bamDocumentWrapper/prefix0:actionData;2;0" TO="/prefix0:actionData;2;0">
</MAPCOPY>

<MAPCOPY FROM="/bamDocument;4;0;net.juniper.canonicals:bamDocument/queueMetadata;2;0/queueName;1;0" TO="/queueName;1;0">
</MAPCOPY>

<MAPCOPY FROM="/bamDocument;4;0;net.juniper.canonicals:bamDocument/queueMetadata;2;0/region;1;0" TO="/region;1;0">
</MAPCOPY>

<MAPCOPY FROM="/bamDocument;4;0;net.juniper.canonicals:bamDocument/queueMetadata;2;0/key;1;0" TO="/key;1;0">
</MAPCOPY>

<MAPCOPY FROM="/bamDocument;4;0;net.juniper.canonicals:bamDocument/queueMetadata;2;0/secret;1;0" TO="/secret;1;0">
</MAPCOPY>
</MAP>
</INVOKE>
</SEQUENCE>

<SEQUENCE TIMEOUT="" EXIT-ON="FAILURE" FORM="CATCH">
  <COMMENT></COMMENT>

  <!-- nodes -->

<INVOKE TIMEOUT="" SERVICE="pub.flow:getLastError" VALIDATE-IN="$none" VALIDATE-OUT="$none">
  <COMMENT></COMMENT>
</INVOKE>

<INVOKE TIMEOUT="" SERVICE="pub.flow:tracePipeline" VALIDATE-IN="$none" VALIDATE-OUT="$none">
  <COMMENT></COMMENT>
</INVOKE>

<INVOKE TIMEOUT="" SERVICE="pub.flow:debugLog" VALIDATE-IN="$none" VALIDATE-OUT="$none">
  <COMMENT></COMMENT>

  <!-- nodes -->

<MAP MODE="INPUT">
  <MAPTARGET>

<Values version="2.0">
  <record name="xml" javaclass="com.wm.util.Values">
    <value name="node_type">record</value>
    <value name="node_subtype">unknown</value>
    <value name="is_public">false</value>
    <value name="field_name">debugLogInput</value>
    <value name="field_type">record</value>
    <value name="field_dim">0</value>
    <value name="nillable">true</value>
    <value name="form_qualified">false</value>
    <value name="is_global">false</value>
    <array name="rec_fields" type="record" depth="1">
      <record javaclass="com.wm.util.Values">
        <value name="node_type">field</value>
        <value name="node_subtype">unknown</value>
        <value name="is_public">false</value>
        <value name="field_name">message</value>
        <value name="field_type">string</value>
        <value name="field_dim">0</value>
        <value name="field_opt">true</value>
        <value name="nillable">true</value>
        <value name="form_qualified">false</value>
        <value name="is_global">false</value>
      </record>
      <record javaclass="com.wm.util.Values">
        <value name="node_type">field</value>
        <value name="node_subtype">unknown</value>
        <value name="is_public">false</value>
        <value name="field_name">function</value>
        <value name="field_type">string</value>
        <value name="field_dim">0</value>
        <value name="field_opt">true</value>
        <value name="nillable">true</value>
        <value name="form_qualified">false</value>
        <value name="is_global">false</value>
      </record>
      <record javaclass="com.wm.util.Values">
        <value name="node_type">field</value>
        <value name="node_subtype">unknown</value>
        <value name="is_public">false</value>
        <value name="field_name">level</value>
        <value name="field_type">string</value>
        <value name="field_dim">0</value>
        <value name="field_opt">true</value>
        <array name="field_options" type="value" depth="1">
          <value>Fatal</value>
          <value>Error</value>
          <value>Warn</value>
          <value>Info</value>
          <value>Debug</value>
          <value>Trace</value>
          <value>Off</value>
        </array>
        <value name="nillable">true</value>
        <value name="form_qualified">false</value>
        <value name="is_global">false</value>
      </record>
    </array>
    <value name="modifiable">true</value>
  </record>
</Values>
</MAPTARGET>
  <MAPSOURCE>

<Values version="2.0">
  <record name="xml" javaclass="com.wm.util.Values">
    <value name="node_type">record</value>
    <value name="node_subtype">unknown</value>
    <value name="is_public">false</value>
    <value name="field_type">record</value>
    <value name="field_dim">0</value>
    <value name="nillable">true</value>
    <value name="form_qualified">false</value>
    <value name="is_global">false</value>
    <array name="rec_fields" type="record" depth="1">
    </array>
    <value name="modifiable">true</value>
  </record>
</Values>
</MAPSOURCE>

  <!-- nodes -->

<MAPSET NAME="Setter" OVERWRITE="true" VARIABLES="true" GLOBALVARIABLES="false" FIELD="/message;1;0">
  <DATA ENCODING="XMLValues" I18N="true">

<Values version="2.0">
  <value name="xml">Error occured while publishing to sqs. %lastError/error%</value>
  <record name="type" javaclass="com.wm.util.Values">
    <value name="node_type">field</value>
    <value name="node_subtype">unknown</value>
    <value name="is_public">false</value>
    <value name="field_name">message</value>
    <value name="field_type">string</value>
    <value name="field_dim">0</value>
    <value name="field_opt">true</value>
    <value name="nillable">true</value>
    <value name="form_qualified">false</value>
    <value name="is_global">false</value>
  </record>
</Values>
</DATA>
</MAPSET>
</MAP>
</INVOKE>
</SEQUENCE>

<SEQUENCE TIMEOUT="" EXIT-ON="FAILURE" FORM="FINALLY">
  <COMMENT></COMMENT>

  <!-- nodes -->

<INVOKE TIMEOUT="" SERVICE="pub.flow:clearPipeline" VALIDATE-IN="$none" VALIDATE-OUT="$none">
  <COMMENT></COMMENT>

  <!-- nodes -->

<MAP MODE="INPUT">
</MAP>
</INVOKE>
</SEQUENCE>
</FLOW>
