<?xml version="1.0" encoding="UTF-8"?>

<FLOW VERSION="3.0" CLEANUP="true">

  <!-- nodes -->

<MAP MODE="STANDALONE">
</MAP>

<LOOP TIMEOUT="" IN-ARRAY="/REF">
  <COMMENT></COMMENT>

  <!-- nodes -->

<BRANCH TIMEOUT="" SWITCH="/REF/REF01/code">
  <COMMENT></COMMENT>

  <!-- nodes -->

<SEQUENCE NAME="PK" TIMEOUT="" EXIT-ON="FAILURE">
  <COMMENT></COMMENT>

  <!-- nodes -->

<MAP TIMEOUT="" MODE="STANDALONE">
  <COMMENT></COMMENT>
  <MAPTARGET>

<Values version="2.0">
  <record name="xml" javaclass="com.wm.util.Values">
    <value name="node_type">record</value>
    <value name="field_type">record</value>
    <value name="field_dim">0</value>
    <value name="field_opt">false</value>
    <array name="rec_fields" type="record" depth="1">
      <record javaclass="com.wm.util.Values">
        <value name="node_type">record</value>
        <value name="field_name">REF</value>
        <value name="field_type">record</value>
        <value name="field_dim">0</value>
        <value name="field_opt">true</value>
        <list name="rec_fields">
        </list>
        <value name="rec_closed">true</value>
      </record>
      <record javaclass="com.wm.util.Values">
        <value name="node_type">record</value>
        <value name="field_name">PACK_SLIP_NUMBER</value>
        <value name="field_type">string</value>
        <value name="field_dim">0</value>
        <value name="field_opt">false</value>
      </record>
    </array>
    <value name="rec_closed">false</value>
  </record>
</Values>
</MAPTARGET>
  <MAPSOURCE>

<Values version="2.0">
  <record name="xml" javaclass="com.wm.util.Values">
    <value name="node_type">record</value>
    <value name="field_type">record</value>
    <value name="field_dim">0</value>
    <value name="field_opt">false</value>
    <array name="rec_fields" type="record" depth="1">
      <record javaclass="com.wm.util.Values">
        <value name="node_type">record</value>
        <value name="field_name">REF</value>
        <value name="field_type">record</value>
        <value name="field_dim">0</value>
        <value name="field_opt">true</value>
        <array name="rec_fields" type="record" depth="1">
          <record javaclass="com.wm.util.Values">
            <value name="node_type">unknown</value>
            <value name="field_name">@segment-id</value>
            <value name="field_type">string</value>
            <value name="field_dim">0</value>
            <value name="field_opt">true</value>
            <record name="field_content_type" javaclass="com.wm.util.Values">
              <value name="contentType">1</value>
              <value name="internalType">reference</value>
              <array name="targetNames" type="record" depth="1">
                <record javaclass="com.wm.util.Values">
                  <value name="xmlns">http://www.w3.org/1999/XMLSchema</value>
                  <value name="ncName">string</value>
                </record>
              </array>
            </record>
          </record>
          <record javaclass="com.wm.util.Values">
            <value name="node_type">unknown</value>
            <value name="field_name">@position</value>
            <value name="field_type">string</value>
            <value name="field_dim">0</value>
            <value name="field_opt">true</value>
            <record name="field_content_type" javaclass="com.wm.util.Values">
              <value name="contentType">1</value>
              <value name="internalType">reference</value>
              <array name="targetNames" type="record" depth="1">
                <record javaclass="com.wm.util.Values">
                  <value name="xmlns">http://www.w3.org/1999/XMLSchema</value>
                  <value name="ncName">string</value>
                </record>
              </array>
            </record>
          </record>
          <record javaclass="com.wm.util.Values">
            <value name="node_type">unknown</value>
            <value name="field_name">@ARRAY</value>
            <value name="field_type">string</value>
            <value name="field_dim">0</value>
            <value name="field_opt">true</value>
            <record name="field_content_type" javaclass="com.wm.util.Values">
              <value name="contentType">1</value>
              <value name="internalType">reference</value>
              <array name="targetNames" type="record" depth="1">
                <record javaclass="com.wm.util.Values">
                  <value name="xmlns">http://www.w3.org/1999/XMLSchema</value>
                  <value name="ncName">string</value>
                </record>
              </array>
            </record>
          </record>
          <record javaclass="com.wm.util.Values">
            <value name="node_type">unknown</value>
            <value name="field_name">@area</value>
            <value name="field_type">string</value>
            <value name="field_dim">0</value>
            <value name="field_opt">true</value>
            <record name="field_content_type" javaclass="com.wm.util.Values">
              <value name="contentType">1</value>
              <value name="internalType">reference</value>
              <array name="targetNames" type="record" depth="1">
                <record javaclass="com.wm.util.Values">
                  <value name="xmlns">http://www.w3.org/1999/XMLSchema</value>
                  <value name="ncName">string</value>
                </record>
              </array>
            </record>
          </record>
          <record javaclass="com.wm.util.Values">
            <value name="node_type">record</value>
            <value name="field_name">REF01</value>
            <value name="field_type">record</value>
            <value name="field_dim">0</value>
            <value name="field_opt">false</value>
            <list name="rec_fields">
            </list>
            <value name="rec_closed">true</value>
          </record>
          <record javaclass="com.wm.util.Values">
            <value name="node_type">unknown</value>
            <value name="field_name">REF02</value>
            <value name="field_type">string</value>
            <value name="field_dim">0</value>
            <value name="field_opt">true</value>
            <record name="field_content_type" javaclass="com.wm.util.Values">
              <value name="contentType">1</value>
              <value name="internalType">reference</value>
              <value name="dataTypeVersion">dtVersion2</value>
              <array name="targetNames" type="record" depth="1">
                <record javaclass="com.wm.util.Values">
                  <value name="ncName">Type127</value>
                </record>
              </array>
              <value name="targetOwnerNSName">X12810:schema_EDI810</value>
            </record>
          </record>
          <record javaclass="com.wm.util.Values">
            <value name="node_type">unknown</value>
            <value name="field_name">REF03</value>
            <value name="field_type">string</value>
            <value name="field_dim">0</value>
            <value name="field_opt">true</value>
            <record name="field_content_type" javaclass="com.wm.util.Values">
              <value name="contentType">1</value>
              <value name="internalType">reference</value>
              <value name="dataTypeVersion">dtVersion2</value>
              <array name="targetNames" type="record" depth="1">
                <record javaclass="com.wm.util.Values">
                  <value name="ncName">Type352</value>
                </record>
              </array>
              <value name="targetOwnerNSName">X12810:schema_EDI810</value>
            </record>
          </record>
          <record javaclass="com.wm.util.Values">
            <value name="node_type">record</value>
            <value name="field_name">REF04</value>
            <value name="field_type">record</value>
            <value name="field_dim">0</value>
            <value name="field_opt">true</value>
            <list name="rec_fields">
            </list>
            <value name="rec_closed">true</value>
          </record>
          <record javaclass="com.wm.util.Values">
            <value name="node_type">unknown</value>
            <value name="field_name">unDefData</value>
            <value name="field_type">string</value>
            <value name="field_dim">0</value>
            <value name="field_opt">true</value>
            <record name="field_content_type" javaclass="com.wm.util.Values">
              <value name="contentType">1</value>
              <value name="internalType">reference</value>
              <array name="targetNames" type="record" depth="1">
                <record javaclass="com.wm.util.Values">
                  <value name="xmlns">http://www.w3.org/1999/XMLSchema</value>
                  <value name="ncName">string</value>
                </record>
              </array>
            </record>
          </record>
          <record javaclass="com.wm.util.Values">
            <value name="node_type">unknown</value>
            <value name="field_name">segmentCount</value>
            <value name="field_type">string</value>
            <value name="field_dim">0</value>
            <value name="field_opt">true</value>
            <record name="field_content_type" javaclass="com.wm.util.Values">
              <value name="contentType">1</value>
              <value name="internalType">reference</value>
              <array name="targetNames" type="record" depth="1">
                <record javaclass="com.wm.util.Values">
                  <value name="xmlns">http://www.w3.org/1999/XMLSchema</value>
                  <value name="ncName">string</value>
                </record>
              </array>
            </record>
          </record>
        </array>
        <value name="rec_closed">true</value>
      </record>
      <record javaclass="com.wm.util.Values">
        <value name="node_type">unknown</value>
        <value name="field_name">$iteration</value>
        <value name="field_type">string</value>
        <value name="field_dim">0</value>
        <value name="field_opt">false</value>
      </record>
    </array>
    <value name="rec_closed">false</value>
  </record>
</Values>
</MAPSOURCE>

  <!-- nodes -->

<MAPCOPY NAME="Link" FROM="/REF;2;0/REF02;1;0" TO="/PACK_SLIP_NUMBER;1;0">
</MAPCOPY>
</MAP>
</SEQUENCE>
</BRANCH>
</LOOP>
</FLOW>
