<?xml version="1.0" encoding="UTF-8"?>

<FLOW VERSION="3.0" CLEANUP="true">
  <COMMENT>1</COMMENT>

  <!-- nodes -->

<MAP TIMEOUT="" MODE="STANDALONE">
  <COMMENT>1</COMMENT>
</MAP>

<MAP TIMEOUT="" MODE="STANDALONE">
  <COMMENT>2</COMMENT>
</MAP>

<MAP TIMEOUT="" MODE="STANDALONE">
  <COMMENT>3</COMMENT>
</MAP>

<SEQUENCE TIMEOUT="" EXIT-ON="FAILURE">
  <COMMENT>1</COMMENT>
</SEQUENCE>

<BRANCH TIMEOUT="">
  <COMMENT>1</COMMENT>

  <!-- nodes -->

<LOOP TIMEOUT="">
  <COMMENT></COMMENT>
</LOOP>
</BRANCH>

<RETRY TIMEOUT="" COUNT="" BACK-OFF="" LOOP-ON="FAILURE">
  <COMMENT></COMMENT>

  <!-- nodes -->

<EXIT SIGNAL="SUCCESS" FAILURE-MESSAGE="">
  <COMMENT></COMMENT>
</EXIT>
</RETRY>
</FLOW>
